address,name,symbol,current_mcap,liquidity,Authority,supply,holders,updateAuthority,twitter_solscan,telegram_solscan,image_solscan,website_solscan,owner_sol_balance,BURN STATUS,liquidityPool_tx,transferedSolanaToLp,transfered_tokens_to_lp,launch Market Capitalization
HCWYqn4uCQJFMNAYdXHYi6sPAkDUeYyouazzXe5rvLov,Cholo Cat,LOCO,14458,17.9105 SOL,False,1000000000.0,57,4WHNv6h6HJ6RhN256d4JVsA34y7qh7MTd7bqSnin7WMk,False,False,True,False,0.517068237,NO BURNT,4MmRbQQNVF3nw1U3cuhN6HEpWJ4yxT8F1vZAe5UgcWDLCFRCorxEDwravkV2vDNbymUoPTnhFRSZCbzkVAczXeQy,4.0,100.0%,729.52
4vf9FtkguGSXm7mExEVipfoc6hk5Qa4KFEB1x4a7vLBu,CATCORDION,CORDI,32343,42.03396 SOL,False,1000000000.0,53,5EUNvD1GtWBk6EFzLgcAVVkgB2JagTNS5MZxonypssPs,True,True,True,True,1.724739565,NO BURNT,C72c8xTxMXjF3QnfJKCMD6odmyKeeNTkbYZ2KJ6gmNAaLCgatzkH8aEdAmqet4JSF2THVwV42qCGMoHmjxWHXf4,10.0,100.0%,1842.1000000000001
F4zDoVHVcDmMfdcnZTtwFh6da5Ds66s2PPTvxicbkT5m,Trump's Cat,VAGINA,24251,16.0449 SOL,False,1000000000.0,48,GkVS2JchRfGG28D3FARHtSA2hS1AxpUiUJSVQFuXDHsk,True,False,True,False,42.1823826,NO BURNT,49pwbymaNyHNFXfWSVU8F7z8WikjMBtuaNJRx9gkiWiDSu6PQ2af79beuf8vJDay2PjTkBLdvztk7ucT6NRKV2jU,5.0,100.0%,924.0999999999999
DUruQKfQMdNh7Uk3X3Ax6Yh9xhHKkdjFCW1YrtQiFePK,Trump's cat,VAGINA,13799,19.3859 SOL,False,1000000000.0,53,GoyZ7NcoLUJAzQ7q2BJWsXXi55SnUPAbsfPfvXHX2RLL,True,False,True,True,30.3323826,NO BURNT,3iQaNeerMyz5AG2X2YpPXpKF9P9eAk7i1uyjjABs4uq5baoRVfr3Y1ubtAP7HpbQeHo4HYsiHRNdkY4fgHuh7Pa9,5.0,100.0%,923.4000000000001
nWnPiYQhduAXQjeBEhpEawDP7JymVzQcTbJA8z89y51,VeloxAI,VELOX,8493,19.1791 SOL,False,1000000.0,68,FAmxa9krubBZKs2shs3WcnrnB9qwUUfduPA5xLZfjZJ5,True,True,True,True,3.462825199,NO BURNT,2W8VurvoMh2gC2hcrhHfjtTjXBNdP6Bd8BiowhwptVoyb69wg2rYKuTLb1LQV9ddUkU6dw7yd2A1ZYNnTYp1zxQ8,10.0,80.0%,2307.375
5tHQGfmr8UyjUYX2teqsngXKmSqepwN1roDb9daczf4q,SolSwap,SWAP,20940,23.8763 SOL,False,10000000.0,109,DUUVyFVYPLpfeaH9P6i7R6SCcn5bNtRYx7cHyMxvNrf7,True,True,True,True,4.505313457,NO BURNT,3QoM6AydWDr44RjLHwLsqZHYvHdSHKREaNG6qcTEmhTwwUts7qhXbGjteBWzihci6EbQCvZSrwSjpDBSZcy8uesv,5.0,100.0%,922.4
5CLAL9ZByVeQJNMCMqShQxiEn2khAkb8JJfsCNuZ5SeM,Gary Gensler,GENSLER,9250,16.2557 SOL,False,1000000000.0,52,Dx4qKmsATdF7sRDwnRdyfWZdnfkFUoiwuZUa1rjVwg6F,False,False,True,False,28.5223826,NO BURNT,2Zq5c926YQ5wz59C453Ajt6vfTzPtjiz91hRaB3UU14adZqwXohBU3jDL2Bf2Ut5gzeHR1dbQmoP9Yvr8ZPeGVd6,5.0,100.0%,921.35
ByYHJqdNjLeK7i7fjcxFhkwuRdNWU1BbedkiZh9MmMCU,Sniper Cat,SNAT,13921,19.4324 SOL,False,1000000.0,78,6EoNWbkxLYYhBAfTVvgj3sUL2azM73wZZkZzKWWMX2n3,True,True,True,True,5.078076185,NO BURNT,Hf1AZJEkiGFzCQ9kxUweNJ49Tngukm6AVVFwuKhFgmRng4tYQ7ZeSmHvf43tZytYd6okBKd7TuqQ3gFqBf9Aa21,5.0,100.0%,921.5
4eM2oT2oUwXCN62rstwVhfHLCAP86PkuTRALEXQZk9f7,EKNOP,EKNOP,38938,46.05165 SOL,False,1000000.0,150,7xw65JFwAvVWLRKhMoayMMvsfjDZiDUeT5KWXHc1hCc5,True,True,True,True,1.543306905,NO BURNT,2gHC4zHBx215PXMDKe6auNRqoDjbLPKw72162tgSZhqW8NRqyJBqcdvdVibj22fWFi9ZXyM6SQnD2ZDLPZTiLkvs,10.0,100.0%,1847.7
BmQejCJa8woHKYkM8juCxrwfHcjXkdLxVuXEjW8keSXr,Larry Fink,Blackcock,8374,15.04503 SOL,False,1000000000.0,48,HRqWDvfVPiKydM4gp9jyK8DMysMZigCw5FnbzKSXPWcc,True,False,True,False,48.3423826,NO BURNT,3PU7kcL3GTJbMMSPGY4spK62HQXdTSbQvH9rfwnvXLP3XhjSZGKztWExGmjxvmirZ82gCvfRwqUbQ17panUe2gsU,5.0,100.0%,924.95
J36c8wfkrgCLYyMJiWYE4uGQL7fGMUf29WTgqXZKu4jU,Top Cat,TCAT,9336,15.9159 SOL,False,1000000000.0,43,CQ1CKudknCEgpRPa3sPTEwTNAwATPsFoCEQ2DoooYMpA,True,True,True,True,21.435602371,NO BURNT,BJnxYpyg1WvsErtigMpUXekqrFtqYkVdWyQN9tTa3cwnhe7inSBjDNnsAJichRJwvB1PqNrboGn7opDoKgbAEbW,5.0,100.0%,922.75
FAVvhhcpevPZcZVgkztj1qHF47yu12YQFE7GStBV4U6w,Crypto Punks CTO,PUNKS,25515,28.6529 SOL,False,1000000000.0,160,7gT2LYoJJXAtoWjctaCb8F2AMeGjfXnHyhdwhfW5Zyyf,True,True,True,True,0.139864347,NO BURNT,nHPm2xKhivaV7CEdQdD41CorSVVLJ6dovpjThTu9f1qW2hiVD9jHQ8mjow5gtY7zNFUEvmmh6nA237s7s6kt56B,7.0,84.7700942%,1525.5144071787524
CrdLVTcRL6m1NzXDncoLAQcXYbSfAaY8LF5JocfRRdje,StudentCat,StudentCat,8378,15.04057 SOL,False,1000000000.0,94,Ef37LdSdgRN4rfQmkYehnBAZUY9wt2BivSXVM2AzuX7w,True,True,True,True,0.58096979,LIQUIDITY BURNT,3VQyVrk1h2dJLtHHRBTgG9xz3Jcfxv6ucsiyJUD87dSWzJNL8o4BBwDUSY9RaAeEsffnTWMg6fzts9aNDwXUeR58,5.0,100.0%,923.6
8djK5TWZ34Ysh2fiJboLRZsjwVrUgoVobhRQDgv5dfZ7,MEOWTH,MEOWTH,16912,21.4307 SOL,False,100000000.0,87,5yidBHVfgXzK9ysXh2y2uZ7Ae7r4o4qRjGpjryshNz2s,True,True,True,True,6.0897298,NO BURNT,3HSTbkStPV654ocnWcGeoE7i7ZSq3H7eWK5qhWap6o8fZfN7dFyxGhmkCf7HoMCspQSiTBu5sZy8VZUbTeirR2Ac,5.0,100.0%,923.4000000000002
6Tts8yyr6RWbzCiKPBVdYjvCxdL9YkbGVcRy15bj6cqX,mPEPE,mPEPE,13948,38.2141 SOL,False,1000000000.0,123,G7E2mAF36BWPQwDN3roPeA1AnPaRzEy21XM4V5jmX6z3,False,False,True,False,74.486096223,NO BURNT,3j3vRjGG6JxZNgKHhyK8FUDjFthY5SXegQTr1RyUESwM2o7cj1NmcvnhwTupxqmvd6CuXY7Z4m75iH4HBQUxxsL3,20.0,100.0%,3704.8
7EHWKNB6LeJjexiZMm4cErvpmKGpQNmwYrUBkR89NeP4,War Cat,WARCAT,17750,30.3047 SOL,False,1000000000.0,63,GgJmGUYxHQV1ZyDnPHEwHKbYxxVgh65gw1ymckYshuNR,True,True,True,True,3.480349754,NO BURNT,2KRsr8haCs9CUqtn5CxMmtow9WUuiYJ4QtTta7irgwQCA9ap5omhiVEJf1LqhCkezBe5vDnetFDuHXUueL87qkVg,10.8,95.0%,2110.0926315789475
8afje27UsQVVYgaRD2f28oEcnPAhXC8iueB5T2PKYUG,Ansem hat,WBS,15395,18.2267 SOL,False,100000000.0,68,6bybgfnEVvPP8Vm6a741VKWSd2H4ux7VVCZimzLoPJ7o,False,False,True,False,0.507057997,NO BURNT,2cA5tFq4ypJeyAf6cRjAMxSRs5ZDaK3rhKqayNzSGP3ZesLUjw5oF6zUgxAq6HhxwFmYTL9XjWZxRE9m8gegowsc,4.0,100.0%,742.56
GnRWFEcsC1WGSnui9syKwmWj9nEw6vfUkuxsFL91CZvH,Trump Cat,TRUMPCAT,6337,19.5444 SOL,False,500000000.0,96,74R2UyvWXUP1NNTy3EZouS14SV8xsDSoiBMwwBNH95Hi,True,True,True,True,1.28070839,NO BURNT,2EMFAFgFYBX9rsF9GXgkVe178y4UCKmhgf4gatYvk19zQi7mFzq532wNf44GQmBh13YdM41hB8cxadYmLgGSJkmg,11.0,95.0%,2153.9157894736845
Ep8Mm5e4P2LTDAPDBnTetk5RQQ8QVEasQwo3Jwus9nZT,TRUMPCAT,TRUMPCAT,8376,15.02643 SOL,False,1000000000.0,48,93XQcfMX4VwdmoyoLvr46u6HtfZUZDLPjW7eE4UGLcns,False,False,True,False,1.2093326,NO BURNT,8k6NeAJiHXR13pem9Ce8BmuB5n8HtY5R1vs3LDVUeKc6im4sQFKnN5ZyFErtSiSmYcmsH5MJSkEvBKLR9bHpXw4,5.0,100.0%,927.3000000000001
GT76rHtgYf6UxVWmHyugF4mYccB7vBuEqP2n3ECh7Y94,Donald Pump,MAGAPUMP,23267,27.4491 SOL,False,10000000.0,142,6zZ2AR9r7rWhLXoFmzryVtCgnxq8BqE4ZYWVwKWkBL2M,True,True,True,True,8.803962517,LIQUIDITY BURNT,3XpUKY6dj9gM1dAGzE4Zm5MAJ6K8hgnv8gWwDnuMBuUsYhjUP9pcPM4GU153R34LNkRYDgAobSQrmy2QZg8RrDEU,6.0,100.0%,1114.1999999999998
Fy4GrCkfU6VMmoFMfF92TRhpTunBc2AHX2A1sG7RBRvr,ChinaNumbaOne,$CCP,7977,14.7005 SOL,False,1000000000.0,44,GxU7eDNMSENGorWJWBjfgih3hHJAMHcggKcR48duUBA4,False,False,True,False,19.2093876,NO BURNT,2rHrfgcDTekJFgQ8mHAL6UE4xHWycRdSZuiiWPcCRoxX12vpd4r1z8fRN7MBNyMvuPKtwq2S4qnsa6H7YceWNfYm,5.0,100.0%,932.6
4JRenbx2axm6qNVBCgjYpTodmJHqxMX4V9yjj3nuAtMK,FELIX GOT DRIP,FELIX,41829,28.4354 SOL,False,123000000.0,49,9Z44eek6RfZdtKGsUDKXWwqWLBWkexmZUzaeAZHWxqaa,True,True,True,True,40.015297315,NO BURNT,5BVBwo4WdqDpq8t6MF5aG5wBgXEYeMFb4JyKPArpGoRcsaeJquNUUANEnhbbJhbzgkTi3RXL1HWVuZcFzpRR7BgV,4.0,90.0%,829.0666666666666
Ak4Xa3i9HAZVikzwm1ne9tfu4FddTJPBFEXCZ2YAKcKq,NERD BOI,NERDBOI,12437,27.5102 SOL,False,1000000000.0,41,2vCa1cNZ4mXWzqrogdq1ad6eFrA39G5Nd7HVj539T2UX,True,True,True,True,3.493524814,NO BURNT,51tBUQVWmFFKqwHjaZztyzkrh2MBqd3KW5q695sMYxn6BCEyRgLZ1XZmvfJuB8nMwcXEvSmWKLizAySTjwPGt3Ro,10.8,95.0%,2119.5284210526315
9Gx1LMmEBCq6MYyXQB9zDqJxCy3u6CWP4BorYUaH5tX4,BACON CAT,BACONCAT,8196,18.348 SOL,False,1000000000.0,48,DdBzVQvGwuTk6yfM9zzAbrrYtPFEb6cCX536BHbSVcyh,False,False,True,False,1.797229968,NO BURNT,59qWHAAnEPRuWNDDQ114maQgUuNL4qdob63C1SmKKwyzVxmLK4EKxpmMXrKH5fWnEhUUZMTMqSdS58u3NfuhqkR7,8.5,90.0%,1758.1777777777777
HxzQduGoGxYNXb8gRA1YPUQYuxpNQr8muDXF1eKuLLR8,Indian Elon,ELON,7646,12.8416 SOL,False,10000000.0,100,ASMuK7ZcAGP5jeETcc9fT7jaG2bQWijUS4LHn9pcUQPd,True,True,True,True,16.45197479,NO BURNT,4frUMtoELh1VKu3LRkegwnudecDibQYxbirgjnhnVhVuTkRV2kppM6G5C7jDCmsPABcr1Qxx7NSZLf3qJCGtHg1u,4.0,100.0%,740.3600000000001
2MXyyWDjQLhUw4rdoayifSYTpHkgEuRQ9oRF3Wp88hGV,MeowsterCard,MEOWCARD,10747,18.3745 SOL,False,10000000.0,59,3fSRntL4zD7818CpjH7Q8Di2scVGyGjmfHFWz9SKbHDp,True,True,True,True,9.814157325,NO BURNT,33CR86UXgvNmRkxtaE4ZAGdn8j4PgwVsBhzTQeiH729eGxEq2Ek1N3ZJxvat9qFKb4kHsUKE67pSrx6BgzddTyjH,6.0,100.0%,1106.6999999999998
EEgbtg9gvVvNyFLDwpdXDCmNBCcUgxnTrjuYTr5rnS4r,Ku Klux Kitty,KEKEKITTY,23578,27.6616 SOL,False,10000000.0,152,4rxrVFoYLk1JoEdVRr8iQxEwu5rWxWNjH2M3HshZezGy,True,True,True,True,5.288873899,NO BURNT,4GrVYz8mccnrpThtR66pWg1V2tgM9BKf4QzynwjC7MSo2Cxtq4VwYAwAtE6gM8VqYjkuypwNZaLkrvhCncKaAf4E,6.0,100.0%,1111.1399999999999
A9BL7LL7UYaiHaBd93DCXhobnZvHE1oWJzmPMVytRqzz,KIFFY,KIFFY,11818,19.7091 SOL,False,1000000000.0,46,8qdD21rMphqSSC7rGinBSwU6vidK7GUEusp5tSsHrRpX,True,True,True,True,17.556388919,NO BURNT,5UQCkQjSZgYFAp4MRbk7cmvvJ49ZdM7NCeG1kYvS2C9e26m571kxbHzGjK2HkrXUGwctqqesDUDCwHDxnYe3yHRJ,6.5,95.0%,1276.6
AGkTgxdp5WKmsockoHDeKrytV6DUEZthQ3ju9SSwgh6H,Cook Cat,COOKCAT,12268,25.9494 SOL,False,1000000000.0,45,FTUrDgVep2bP7TpFACAnD2x3G1vjcxnb9Mnrg7gxNQAN,True,True,True,True,3.489485747,NO BURNT,2Hc7yuFGzY1HMbGaeRLPfbXm5mF3tiUB5kC5J1Vxv5wsoG2VCDpgBczKg9ym7Sb7JuEsAYZdHjhCGNDm8UN3rp6Z,10.8,95.0%,2114.0715789473684
HMeDeZmJNy36KyX3Q38yqwthtqEXwhyo7og9LAFXAjKS,Microplastics found inside,TESTICLES,9120,15.6339 SOL,False,1000000000.0,50,7kNaxUhsXsiYms72CzqVitcPF6FqFzRkDqVMHQrweN4C,True,False,True,False,30.6373826,NO BURNT,2RPzifaM7CcUnhmmm6eTLFNMggAZifyh5CedswZqq9Afi9aERcG1PgTcwX37W39oCJKUuK6cMmmjkDVPrWa3pVFP,5.0,100.0%,931.9499999999999
2NCkM4Nzx7u9tngqhGHoRGb6BP5XjH3g7U1Fi5gupthQ,KOT,KOT,23949,27.764 SOL,False,1000000000.0,125,CN3wxFW6zBkyM11sJpM7uu9ehRCQTL6uwQ1dBEFeAV6B,True,True,True,True,318.114332414,NO BURNT,2Bgq823Px5EJqCgWM9u1YEojVAEcRRJkRwRxgkzMF2DTdghaSS6E8gZKELHjKZsa8qg5Q24MgRmQAdZNmPszFumy,6.0,100.0%,1115.6399999999999
BoQGUGHJt7BvgGLrvLEu5ZisMCQu3ZZnwkmHC469ZZLw,Charles Montgomery Burns ,BURNS,45986,35.4328 SOL,False,100000000.0,67,Ctbfokd7n88YJXNGRkPpQ1T8g4MAVP6nmXw9Zza8FQtX,True,True,True,True,3.469795144,NO BURNT,rhKHaar3a5fiRGsvaqeHVKVXumeYZySkwqmY1LzxGQNDYDHDaRH4SJhqrRDkacir7iJxTxMLsdUkqi1ifqkKcW8,5.0,100.0%,931.0000000000001
6HyBVsSM6Prm19YDZnu9kuu4PFXAhXou5j1ZTbAXrQVj,WIFSHIB,WIFSHIB,11735,35.4767 SOL,False,10000000000.0,76,Ae1QcMe165JdrZhCJE4kYCPbbmgx2B33hgWGBWmxdbYn,False,False,True,False,71.51581117,NO BURNT,2v4yMqtXkppusS5oE2joZkLRbs6eqC7a78vnpefho9HptDMKpJtxKRatisxdkrUaDtDZLSjoyiGNNB2U6k65MXEP,20.0,100.0%,3719.2000000000003
2Hc61b1QXgWtzWRN9941npQGjLniGW75ddZ7RHVk9p61,CatBob Squarepants,CATBOB,16227,20.9196 SOL,False,10000000.0,85,CUpc91RSghZ3q6dhfFWP8L6cMZwTuNL6UKEG3HnHhHf3,True,True,True,True,6.197604071,LIQUIDITY BURNT,4EaqA1bNGAaEmTDvFZV35n6VXgnnTrck1UUSSUbPw1ex8XAgp89RU9qvqYiP8hXHbksjXHDt6cVJHXL1ry872dGi,5.0,100.0%,929.1999999999999
HCDkzdNkSD47Fcq1jkxnhezYRpqQvZtRhsX9CrC7UWCa,Americat Express,AMEX,11863,25.6483 SOL,False,1000000000.0,52,HrhwVKAvDkfiCs8PHBNPbuQxAeAWmwgYko2hGSMyEgkm,True,True,True,True,3.488378803,NO BURNT,57GXGEQJg8cooDCXBYJTLHPsztAUGzLqfyhuw7JbB2XLhnzzWFrryBBbKULXDzmatKMcBH14bn1aryfocnz2sjpw,10.8,95.0%,2133.2842105263157
FRxQDbDCWTWVmTnNjVDguzN4pWjPmodztveLkfk2V1YF,UUtopia TokenZ,UXUTPZ,7052,14.7255 SOL,False,1000000000.0,59,DKomtRzT4oD5JPcoipp4smWGeosvjbrnTr8DKiTWtiRP,True,True,True,False,0.24312006,NO BURNT,5cVBu74TgKKGqA8USfeksT3jSAFJsPoKeFh2SWG6wm3UvkkrR5Huca3ms1YkWEAZcHLLUA7FwDmgzz5WwdGjuUPR,5.0,100.0%,940.15
address,name,symbol,current_mcap,liquidity,Authority,supply,holders,updateAuthority,twitter_solscan,telegram_solscan,image_solscan,website_solscan,owner_sol_balance,BURN STATUS,liquidityPool_tx,transferedSolanaToLp,transfered_tokens_to_lp,launch Market Capitalization
address,name,symbol,current_mcap,liquidity,Authority,supply,holders,updateAuthority,twitter_solscan,telegram_solscan,image_solscan,website_solscan,owner_sol_balance,BURN STATUS,liquidityPool_tx,transferedSolanaToLp,transfered_tokens_to_lp,launch Market Capitalization
BtCBZe1EQvzRP1re4nQdGPmdYZncHaKzDeg4SSBmoMUh,1COIN,1COIN,13714,17.07438 SOL,False,1000000000.0,54,HXBszg83hmuDszVR39fDnaTErwPQduQmo95BEwCJGK5E,True,True,True,True,1.450917346,LIQUIDITY BURNT,4oXsC6c7hGY3QDHWyug64NkB7UXERriDrfpkeATrhS8afaAyEVkCM2gy4CRYuHNf3eGbTGApQuCx55Qw3ScboeQk,4.0,100.0%,725.8
HJDxthzJu9yjrRsCEQTKBGgHc3E94W7uafgBVZ51HUzC,Trump's Wall,WALL,45910,41.08832 SOL,False,10000000.0,180,DUgfFDBfYx2TdDQTBJ5dfsRzkpmbwuQwRFGkXhsNtYvG,True,True,True,True,1.130075417,LIQUIDITY BURNT,3WEBB1prCBG8h3PT6E8h93tWHwvWxBoiya6DemL9TevwX7RJaXHJLgndNMLisrR5aDsHLdSyoTCRvFnv6AWxDKB6,7.0,95.0%,1347.242105263158
HceELVzE4R6x5GhgnsfyngGNeLSPoodHQ21kdgFavLY9,Mooing,MOO,12669,13.9833 SOL,False,1000000000.0,76,4gsejP9GMZ9reyTma1C2LAEoDvv37DSSbRu7AiWtwya2,True,True,True,True,0.920968444,LIQUIDITY BURNT,8UatKVtxNhvkMR22d6uA3V2hBhfkis3k516P15jkbubM1wVDZB8WXwHEhrQd4DEjLQ5yBUffwSXYq94DGWtRBSa,4.0,90.0%,814.7555555555555
8pTZDdvJsrDxvFd19pSttRPFNfACru8tjurM9KxXEMoS,MOG TRUMP,MOGA,289436,125.7759 SOL,False,1000000000.0,84,B4yZM9LZrhKKFmLmBPDb4nZs9fPmCVEaYUxqAcK1qmxD,True,True,True,True,13.98502124,NO BURNT,29TGFb4ReS1HVCMz5c8mPiHSxvXGLtR64tXwh188FH93E8beBa68EXaCErRnRgPcEgBBLMCGqYQtDcttmCDQBprN,10.0,95.0%,1925.8947368421054
4k81x1nFG8SBJNCayDqakLT2yHwtxgGEKPhdfX5UYgdG,Smile Ape,SAPE,7787,16.5836 SOL,False,1000000000.0,164,56c7USs2M9c4rLLp6n8YCFFQX9p7WWvwECXtzoJJ9niT,False,False,True,False,3.281226083,LIQUIDITY BURNT,454Mw9RQjYMEW2hQnq52e2p7ZY4Z5KVQ7NQkSggkfF61nc5KufB9XJXqHMXLxXERkkHmCUUq98BEgte4zt3ewLcq,8.5,76.00000007599999%,2051.07236636998
address,name,symbol,current_mcap,liquidity,Authority,supply,holders,updateAuthority,twitter_solscan,telegram_solscan,image_solscan,website_solscan,owner_sol_balance,BURN STATUS,liquidityPool_tx,transferedSolanaToLp,transfered_tokens_to_lp,launch Market Capitalization
8uQsE546JDfCmdE7PUcVJm1fJVZcKoAhBP555EJeyAWr,BONKE,BONKE,111335,76.2707 SOL,False,1000000000.0,23,Ax352zTcwZUeQDMcLGgJy74U7eGPGyhqd6fD8RSYSEgS,True,True,True,True,14.169434701,NO BURNT,2y3Y4VVCJ31ELD5c1cyqL5jdZpB79WLVmD7oGFF1AkVJTi75KkmqjzwCw9nr8YMFKUcgj9eq72qht8gZHWguzRkX,10.0,95.0%,1917.3684210526314
8MJMnWxcMZZizfRzDEWWzY68mPe8g1vm51HorbKFJcWy,CATWIFMAGA,WIFMAGA,10830,17.273 SOL,False,10000000.0,82,FCmCKix4WWdrmFqmVtj3XW8jg9yXrfuTWZxhjtRu42CB,True,True,True,True,66.006414464,NO BURNT,2k7VTvC5ccdfdj5ei7YJRUw5V2boQjdAwzum2vKSj9H5THf1STyLorPeRFqFwbM7yEmSoJbkvTAbmNVsEEcrogtY,5.0,10.0%,9061.0
7nBUggBRrrdn3eSLnSmcZVgqMZrzmirViCuUY7AeRTJC,Trumps Fat Gyatt,TFG,14503,17.9534 SOL,False,100000000.0,62,6ReftSh51eHnq7kVTEtenLNHJGgh1VZ2LwWJmFakcdpq,False,False,True,False,0.958785475,NO BURNT,22Lj4LGg3mGfVa12K8LrSGWvKXntWJGMTLNqE6CZ9E5C2ttazNudKtEpsnsAetprdTDvD9hvjVxmTaWHrf6QUHcQ,4.0,10.0%,7232.400000000001
address,name,symbol,current_mcap,liquidity,Authority,supply,holders,updateAuthority,twitter_solscan,telegram_solscan,image_solscan,website_solscan,owner_sol_balance,BURN STATUS,liquidityPool_tx,transferedSolanaToLp,transfered_tokens_to_lp,launch Market Capitalization
2wgNWWAV9qPy6FepBACRUdq25Wcu36GNAeGdc12eRszN,BONKE,BONKE,282132,122.3479 SOL,False,1000000000.0,86,BJ2RdVjrJJ6BDXyS5ErpQ2SDcdgQWHBiWhNJBuwGPq16,True,True,True,True,14.311313469,NO BURNT,3d5EJgZYpJFMENCkaQ1cpqAxxxLVpzyrzCq9HAx9A5rEVDFKv3mFSS1beb7X7ZpPAFBdPo3czrPBEF2y9hgsWtSb,10.0,9.793814432989691%,18306.452631578948
BLHFr7ptqKmzVCujzordYs7ouZyPR7Wa65hfyoM7qv3T,Gonsler,GON,8023,15.8556 SOL,False,4200000000.0,150,iUWEYFUWnqt53vWLDoj3GdXRjX1agrLQUj7uXB93SsE,False,False,True,False,0.283690305,NO BURNT,MMKDy89C6pHgXk8BrUoCXqDfETiiBpzbstfazvsDNgfQehjT5jMfJCcw5QSvRcoLdbsEs6iUUfUkjiWxgeLL26v,7.0,339.15000000000003%,370.65015479876166
77Zzvcz9fwbLvNwNyYyWnLrbiZv5PZjwcky7cqkGDTiN,Honest Don,DON,8941,11.8819 SOL,False,1000000000.0,75,7PRvqBXc8KpvHvtJ4wzEwJGu1NepDf3uLfjo7z4QEJDf,False,False,True,False,0.035032776,LIQUIDITY BURNT,tW5j44SLrWstMYjd8nSKuDVPCiG1eZmeKsNEk2iw7gTRL3Ft5x2kP8L9NoUNfFGNg71hBkAiLxuT8PosuyGdurJ,5.0,6.6000000000000005%,13599.242424242424
3GHiqY8XnrW44kZSCMzgS8HL5EfJ9B5nWZyxTTfQxZo5,GORLOCKWIFMAGA,MAGALOCK,6237,12.3591 SOL,False,1000000000.0,127,3gHhWVYWtbBKyuf8mjiGZT6cxvgq4qk55DWKemea3rvo,True,True,True,True,4.793219422,LIQUIDITY BURNT,5ZkCUbrDsivehwLwJCQajzmSVb2PcURqD16JmVjCdCBF1rcQojS5DnGdLVitP7ao5U3GyPAkcpBtGVgwBmL9KBBs,6.0,72.0%,1496.5
8Be8V34UFXvu2quD8HbdGCje3UEpYbnaNsQAYjjiuuMs,Niji Neko,NIJI,74298,53.57 SOL,False,1000000000.0,26,6BMUHgtoxNQqVnbttz8rWw5DZAZcUc3RGdq9Qqwzbsn3,False,False,True,True,8.813922019,NO BURNT,4h7S8f5riFxPB47QRXtRgqX7LsHm6oiXWNBPmsmmsEdJ5x1cQziW6ykeQQT3XxV2XsVb98GP7RWvZdZN77zCkyMS,10.0,69.0%,2602.173913043478
CCk8FqnTSgLWYo3z5NFVvHcQbzbqncYE3fPu8uhm717i,MakeBitcoinGreatAgain,MBGA,29884,29.121 SOL,False,10000000.0,100,Br615nDcWkjxqsKPt2f3NHxM2dbEguRXF4yiNNCGhDYy,True,True,True,True,5.852890871,LIQUIDITY BURNT,2Q8jDvpxNQU1oizxpy4ZQ6oNEufWbeoDxgNGDhnbrQneUZD21SJRCXhVUiJNrYFkqLEwLq87Enk9KvpmNJtEWP9i,5.0,0.9090909090909091%,97823.0
BKADWVRUZHdg6bwTxXp7b8QbbfuHYBU27MBBgMZQnAoh,GERTY,GERTY,6061,17.3834 SOL,False,1000000000.0,90,7RMRSBDPuZwCV5RKQFYtQyBkdxgV8ZF4hC1N1f3EnyRS,False,False,True,False,1.836192674,LIQUIDITY BURNT,5cbb1epGVAEMg9rW8QS7T7TRYuYhJs6rLQU3DucUy8sCLmuaWrbYsYntatgmqM95bo8JRgnHjgCGnu5i5LGuPTjE,10.0,90.0%,1970.3333333333335
2x8wx37qpRDx8ri3WcKamJxtuRaQEs6mKeMgYVfsNByp,PONKE CAT,PONCAT,345274,133.3284 SOL,False,555555555.0,81,GhyLijvNEDMfXYy9Li1MVrfUHqdWdjK1b7MMSXJgLasv,True,True,True,True,14.20363452,NO BURNT,5N34ge8ac571bxR6HP6ooD84oGo5FiZmBtHb4rVmrzQDXDhmP7WsXCu66kJXWbAjFEj5yZLxU76cNNa8HBddRmuM,10.0,90.00000009%,1965.3333313679998
EBJeYpnPFaowCt3tGkJthCh4W8GpevWXFX7zjAT8t82p,WIF Pizza,WIZZA,177296,71.8071 SOL,False,1000000000.0,241,nkduAAjD5S7QpJzNksWLtt6MApnKro55yqt734BPjw6,True,True,True,True,1.23374999,NO BURNT,3X5j3hReFJ1c3Qs6uzHoZhgF6G6gmwY2DBXJr2aRXNgMDVR1cy2Z3QE8vf19vtgrGx2aEJSxevj5EGCpBJk4A7eG,5.0,238.0952380952381%,372.876
22mz26rGGLhrNTXUHqgjdHJAVTsxdFUfVH59kCSt97V9,DYSON SPHERE,SPHERE,14828,25.2827 SOL,False,1000000.0,100,3mCLAfpRPHxT7PsNDyQrjjEFpST9gL14GKyJe1hzA5q9,True,False,True,False,1.6511438,LIQUIDITY BURNT,5pC5afUszTWverNSwZwwhYcizeeCJM26E7ktXikJgR9XUshsYtDpyQCoBWDwU7QfqmEbN2TEyzbtaTJYfSyzwBwa,7.5,1.0%,134055.00000000003
Ek9su1tBzxWdVfBRMYm6n17WreTC48SHC7cNTMs4nyJq,Hippi,HIPPI,7412,14.08105 SOL,False,1000000000.0,83,Boygg2BCaAdnTUSByR2SZDSDZ9hjc2axdS5pgzGDXpu1,False,False,True,False,2.296229228,LIQUIDITY BURNT,4KvpZX32qHU46LbHK9buDmFvNQAwJBBUdfswRB1N7tVUFW9puW34L8TPJBgxFjm2hQ7sEtVnp6FtHgzWe3YmeUdn,5.0,950.0%,93.39473684210526
BGEaMCSiayREZekEf3HefFteeLdntDt4hqPZwmXo8am,MOG TREMP,MOGE,11511,18.0003 SOL,False,1000000.0,28,9gwiBU99BEuzoGdaUpSB6wc8ntDM62oNB2uGjYeN8k3s,True,True,True,False,8.449360415,LIQUIDITY BURNT,2QLQ4MQQ7rQ9EQHCpgvNewK5J4xxnqQ6TfoXWZEPmp7B9Fdy57313mvAxCCyNWAHqzHvAZeGtGRYn4nuU5u1mUBU,5.0,0.1%,887600.0
82X6Hx6sNipdkf4VjKPiLFhRLeWGyTucV8Fa5PhPiUid,DogeWifMemes,WIFMEM,11615,13.3 SOL,False,1000000000.0,74,J39meEJR4zjvU2RDFfcEqBmGj5DB7DgTpVCpsVFpjhod,False,False,True,False,2.003833988,LIQUIDITY BURNT,41zow9knwCjhUr7iXz89nFUzqiskgKJhKPu5eg1vcqbftm2nEn1hdrqJbtBXVJWgTLMwL1TYED6euj1WZfPzJ5zR,4.0,67.0%,1059.641791044776
C4iWhWSdWuqXru1zys2dNNkKEApDjtX7ihgEynKukXUQ,Pizza Hat,PIZZA,13224,14.5818 SOL,False,1000000000.0,70,Aw4QwXcKCTDbjBXReQDafjVxT2kRm5MQQDGzGi3t5vJf,True,True,True,True,17.735901644,NO BURNT,Jb8DzGkS1XmXVLoAn8UxEPCozypdnbgoY2PX9ZEwLL7c52mcejAfYPnWXxNTth4Q4MCWuuQfQRCJ968LEFy5U82,4.0,70.0%,1013.1428571428572
AgSx7KDJfRArdHx4whNc4YTTs8AZNTzUxMdEqNtEnbcj,Democat,DEMOCAT,45736,36.2846 SOL,False,10000000.0,170,F9WLFGntHZrkTkjftnDNEHn5KoVN9DaAu6L5rDfw2nih,True,True,True,True,6.397545662,LIQUIDITY BURNT,X5fzZ9zTsWHjnCmqXXwCRs5HF8BiZpinriiJFAWyCrAo9CPp5tny6figpryF8hEFAWp95DyTuVapU3bGBPf7KVP,5.0,950.0%,93.22631578947367
8gJhYHTeE7wQDyRbA8pZztN49fKzi7AKsbVQ4sxzrwNc,magawifmaga,MWM,33172,30.7939 SOL,False,10000000.0,129,2qxtRtBjBzEtnqRh9bdwYkDP43zEEy2PW6ujm6rS17R8,True,True,True,False,2.185802444,LIQUIDITY BURNT,44s1S283hNfv49GxJMzts87AJPmEQPyErQmP8A12qHzuy6u9TcibM6dySnvkF1TS536SxLUkvM75PjdvhytrFadP,5.0,1.0%,88325.0
9y9xUH9xgg7DiBGjYfoHQcrJca7dZS1sLES331eYWSyo,Kageki,KAGEKI,12947,26.002184 SOL,False,100000000.0,109,33ccfnZEn4YGXBS8xqdNxAFqLTUQgVSHLKgenbyQ7h6a,True,True,True,True,2.326318439,LIQUIDITY BURNT,3neV7KYX9yxChqG2Kb5bGdDkVctsKMyaNY4xh3nNhbpR6i3corVTRVwK4pfPXtpVzS3Sykd2KP7SRmbuVi3EYhdH,10.0,9.0%,19641.111111111113
7FaDhHwwt2VVAkVZ19ubWS4a7VUFfeaue2keycMhTofH,Teh Cat in Teh Hat,TehHat,40324,22.4494 SOL,False,690000000.0,70,FMNSCb4vnapkrtnDezwABUGK7qCMsgoEWZzwscHF5W4z,True,True,True,True,3.039643533,LIQUIDITY BURNT,5ym4qXEeHCE9wr6M8asHChks9HTr8cCVRmdVHGi1BmorLe5qhaQsjrNr6U3KmJ37KjVmt8bBwj3EEUho8DgmkD5J,5.0,67.04633204633204%,1320.803052116326
Bi1XmAdLzMQt4gyfPMe7YXwrPtYhehFKtu2CuxBHdWt4,Harambe Wif VisionPro,HARAMBEWIF,37461,29.6794 SOL,False,1000000000.0,203,8v53kEUNeHYb6pxwboVKwvGA9XAK3yvNjZdU8yM3Sobb,False,False,True,False,0.153268119,NO BURNT,5HJsTCet9SfZwTqP52CgfWv5iYXKWWVpMiid92q22devisBkeVMns6wY19nkaaNbVWBPveagSBoQyQQHqoN2pB85,5.75,71.9999999%,1414.6597241870275
J6oF2v5qjAHiKkB9we3TA4MgiPiZuk8G5xea8xEfatZk,Dexxy Cat,Dexxy,9899,21.1298 SOL,False,1000000000.0,66,6xmMXvfJRjMbY1NqDf9MjSjRQf6bh7uKr4mAxChgq6yr,True,True,True,True,16.996827203,NO BURNT,5BZiLYuBMExGPxYPYRirpfDbyq3DBbZZtdxiHdMzWmDD7MyAahyCHLMkpD3RFSx7riRFuaSqF7VBNSydP2Uw9WAm,10.0,80.0%,2215.1250000000005
5XPSsDu87sNgy2aMbkdBzWLeEYX1HG6g2iLoiot3sMma,BBLDRAKE,BBLDRAKE,10597,14.6038 SOL,False,1000000000.0,181,An9N5oKqbvDdRnw6h2MfZAHtSNBbLrswCLybTe4jYadZ,False,False,True,False,8.119006453,NO BURNT,eqziXwxajHHXe9AUFiNQ82PkHb3wZLVSqp6A1f4oFf6sVrxo2xw5jCkSgocdXE5qNtpmuTRJtNq4FygByzeox63,5.0,70.0%,1265.4999999999998
67S2fqCAVBewcMX11nnwaVLxtdLSwvAwk9Uwwr4oPBTz,Pablo Purrcasso,MINOU,52068,40.6751 SOL,False,1000000000.0,168,EtVgjCSDWSjDq9P7ydWVzfbT8QPC9mFcncmtfJU9LrHN,True,True,True,True,0.139809964,LIQUIDITY BURNT,531Ag5bmwsG6BA1Ez7t59XKLgNow2gKHg9XhaEyQQA65cxXPsCTnGrJWwsVnbCNB93JzoAguUoKhHn23YAHcnx2P,7.0,144.12616988412617%,859.8091521316406
FVRRs2hw8jstHBVSKdqRLVVyV5tzNFCq2nubNo7C8tpQ,CHONKE,CHONKE,6651,13.497 SOL,False,555555555.0,120,BWvwXichUB1cjMsaqyG2vs4eBEFd29zvCeu6VK4TKqzz,False,False,True,False,2.728100608,NO BURNT,3gnZPKE5etUQQp7rGSx7e12ghK2UQbWKWFx22CpPyjT9jK49m4uSRxw9gAJE3aaYCQWAM4Wo2e9cDaSu2JtgtBMM,6.0,444.444444%,238.88250023888247
hypnodhGM4Ctfjmv78P2nZPynXaEm1tk5hWr1SxtfVw,HYPNOCAT,HYPNOCAT,37074,30.7789 SOL,False,1000000000.0,100,hFgfPM2h6w9FjsD3V2a3Tj45k9DxDtxZErN38Svg3R1,False,False,True,False,1.099561104,LIQUIDITY BURNT,4N5icJJAaQSMRngpqkAMVDuZHAAF96cfNntyeD3dV6kLiYMwLsdTBQxFvTmxizoPfs4XqsyEdNeKqiEyeh1r4KsZ,5.0,90.0%,984.6111111111111
5bAsrEsjEcVa7VdgRp6mq5ha5ZjSsedwVtuzB7DXmuNS,Fumbling All Gains,FAG,65249,42.5844 SOL,False,1000000000.0,126,AszCYbmdPPhd7dhYZqdYapUGMFjgFq1UyxjH4Z9VurVh,True,True,True,True,2.197764438,NO BURNT,3ZGJf9S8xE6LbKTDUq7gtWkdGJx4JLzrNg4fmz3EHn42wpZ99k73vz3sDroaoFTR8vMWRB2ueyh7yZ1Rte3NstMt,5.0,100.0%,887.65
FHjQcbGN9EHTCQzA47cuLbwcMzPyqJrUB9FZt8kCCL4e,Chimpe,CHIMPE,56088,32.764 SOL,False,10000000.0,51,9YyvLVwqWT5HH4B1vnpUH4ie4HSaPLNDfYPE2sLaS7S,True,True,True,True,5.155156702,LIQUIDITY BURNT,4GWXLwvJyWzBAq41V2w4Nf69NWHCojUM4Um5CksPXkHWK6j4iJoQBqG7nEavDiAJffxEfePShH8vFGhC71vBC9ww,7.0,1.0%,124285.00000000001
ZyBxQ6aS7PxBuYNNXSXGQS8ULcrBVQhQUDpwKSmcTmP,Trump On Solana,TrumpSOL,7379,19.3614 SOL,False,1000000000.0,118,4nxbM3uGD7wWVgVi8MfV3CM6PXrEL6FjRJBpXtvBmR95,False,False,True,False,0.816669322,NO BURNT,3z1MNSSSQAP7ncPAFecfDPcF8sdSH9YpX1sLbewBnFDg9XYyNSNTza3JqHwCeFwSVkQKWGSkHDFrvuK2v14q4B4W,10.0,90.0%,1971.4444444444448
CZ6KZcDhztE3BuBjpcM3MHFTdJDr3mVcTfuezGbt1oaY,CATBAE,CATBAE,88259,64.2873 SOL,False,1000000000.0,170,3rAkKn58CWQyuMSFT2VpsZdwCfiatodMnwt1h6P88sir,True,True,True,True,2.176791164,NO BURNT,3mzwty8iNeHcmLF5JBwuo4bYqGL8HfJ17K6cMx4oM2Zc2PteMJQ49eGSNJ7CySw7JG5cJfhWDzjZEZbxbkuA2tJC,10.0,8000.0%,22.09875
C6SHYwei6nRzeW6xdqrFe7VjiSU6yqDnZodRYoDL1rr7,Pepe wif wine,WINE,20535,24.1252 SOL,False,1000000.0,123,465joEnuLSMkQSi8qSgcfWjYKNhXfRVsYMBvhTpW5nYM,True,True,True,False,1.683142917,LIQUIDITY BURNT,5Ua3CXAKyFJ4fQFjN78mbejxHk9JxVYSroS8ivdWTtCZtdRX7dqfD9RMvewRwfqeHzHAZNwpsGfqS79f65zNu2df,5.0,10.0%,8845.0
CoSs88XwQvLVNU3tYTodmtkPpZXqhjpzTzeWdLCLuzTV,STONKE,STONKE,17498,28.1575 SOL,False,10000000.0,39,2LNEsBBLKHoNrWwdgd8mbnN3txJaYEjbeFYaFtRqaM7e,True,True,True,False,1.864946169,LIQUIDITY BURNT,4z2VxJe5bHGMU7HHdDWb2hEzLoyHoz2Amr7kbT1UjdR1RPb5JQ3sBeuZPp66ywbxKPgfJ4P6FN4iJtHFTCr4MvNU,8.0,1.0%,141464.0
81mLReeC72ZS84k9SDwvyiAf5UP36XiHALQomcmyna41,Cat Trading Fucking Meme Coins,TRADE,10677,17.1478 SOL,False,1000000000.0,124,2tWK4xoXNSzP4G5r7r3kx1Y8TWAc1ks8MXdhy3uHz6wY,True,True,True,False,0.139808574,LIQUIDITY BURNT,tfj2diNkhMbgTouPUkVZng28qJrDXHRmdbvJZczhHkPrfEDtz5FFqYEnTxLQW7cvJqXyubQeRXKUoWWFGTSsKmp,7.0,77.9700943%,1576.591653893942
8vNAZGx53zAxKKugXi8RHWYE74a2yS7Cpi6QMcTiiumV,Mbapepe,MBAPEPE,16195,18.2972 SOL,False,1000000000.0,74,8SLtUfd6DQ5mBnfUYTTgJr2NzJWRXYsc4fh9EiUZwpDJ,True,True,True,True,0.91809185,LIQUIDITY BURNT,5j3CkMyrzU5zR7gGZw9CRSMWy9UaotqsS62KZzo1Vo3upQ13TuXhbWvotnprADUoRAftcgtLPJ5osshMKfGmp15d,4.0,32.142857142857146%,2173.5466666666666
3e8ucJ4MKDopLitNT4YNVu2T4hQr8cfbB3GkoMrvVxL7,Magic Cat,Magic Cat,42752880,1105.4094 SOL,False,1000000000.0,32,5Btz6oShchDNgEKUyQqAdfRe54tqjCPgr8xVezeh1q39,False,False,True,False,217.987863965,NO BURNT,SSrE7eqqKiwWYH8RFS72qSjMqca3tCYFeScRQCjfKrmVcvo4uN4YoN9Kbj7PuG7oBiUhhQbiLDZ2tiYwr3pxtpg,5.0,35.714285714285715%,2447.2000000000003
9jiMhmVYeQ5GzTtTd2AUuw19PhrVtkRmDY5AKrnxcGaZ,THOMAS,THOMAS,8073,19.2138 SOL,False,10000000.0,27,AwX3zKGqajx75M86jELn4zttYvMQR2DmVBPwMZ3WazaY,True,True,True,True,1.188180065,LIQUIDITY BURNT,5PaRXhSPfwfBcrwqURyVEJBxMTRBYnhpLxQZtMDxdj6UdT79aJXNtjR6o94ajc5yursnZczVnitbSz6MHxuUarEa,8.0,100.0%,1401.52
4GNwny5f6VuJnEhTy5df3jTULzNpiuMfqBcfx5yTb9U8,Trump in a Fucking Golf Cart,CART,23564,25.9548 SOL,False,1000000000.0,69,4btK8xQ2MK3W3TMQRpaxif97gjar1cPWnuTzYBNBNH5p,False,False,True,False,3.191403007,LIQUIDITY BURNT,3EmamtqMHRPmV998QLjpNuvzceafahpJr6aFcskwqyrFS3CX7PLsW1QCdSQFaE1MD7p47uSDThqE37tkubt6RNp6,5.0,100.0%,876.15
HVYmXrQ4eevMyMYu11reufvkM2ubJnVQTfm86ocvKMMr,Classic Pepe,CLASSIC,45362,42.5617 SOL,False,1000000000.0,66,6AosJmXL4MTHpjqJ8tesieqMswxWbYrnmFsmUGoYnZWh,True,True,True,True,3.564980568,LIQUIDITY BURNT,aWkXcpTBqibMhHy8nusapXqGVfeR1tkfMa3esr5oxLbWcBExVLX8WY2D53PHNhULXYbg7GWqtQMbs73VYMUQdBq,5.0,100.0001145001311%,880.2989920565
2ePKfZQxyfDgvtAhkkkmYxhTHeSgqAd6vUFSDWmcD6To,Make America Retard Again,MARA,42633,31.2518 SOL,False,10000000.0,157,5S8DKFYLqsNwxiSTT1vmcvrBQk3RrvbjWxecnKe7vonq,True,True,True,True,2.145730966,LIQUIDITY BURNT,3PAqGcLKRNgjoYfEUj6b2ikEocNwpFmR2mxk3D5pmoNKwAuTMJm32PTS9u2aQCrE79GxayEhiMhLyqNj3AaopRxT,4.0,1.0000011450013109%,70527.91924544
EJmeacrUpcdufqf2EFLXAcrwWoXhXMhJk9gYDmdf8MnQ,Punke,PUNKE,8009,16.7891 SOL,False,10000000.0,60,4t9y9bZ1GZWprVvxMRzvwxhpcQAhtG8SEhtp6epsaGTw,True,True,True,True,6.440040022,LIQUIDITY BURNT,2gHHfvDFJLRAnFdnYvjRP1jJ1ehTHAwj4v3X74ZtK3mEZgWjJ9hrenugGyMpKeoYbN67gYa267W2NZ1rQ3PqfYm4,6.0,1.0000011450013109%,105881.87876511
BRCs6noxE8XVgdngzuwVhLXmWdXPoeEcAQdmfEsuVrSB,Dogwitglasses,DGLS,7566,19.8762 SOL,False,1000000000.0,71,Ad7DjFbV3MQ6y97WqomC7UrjSVefZhCPVUMPXvo4AcMv,False,False,True,False,1.660677213,LIQUIDITY BURNT,czqAVqBn3659MLfJ7iK7CuJnJ9igjxeJ19PUAuQsP5fnjcQwuFDGvZCDXcFiLcMMRxoviS6M7o2cS62MYQc1YwV,11.0,8000.0%,24.388375000000003
3JWv5j5jz5y4zznb4DYtsUUMFuFw8rUdFdPaDXkCwwzc,Cat In A Fucking Coupe,COUPE,10995,17.6073 SOL,False,10000000.0,53,GQMLMh9rYHy6D7DQVUCbe2HyLHcnqTxZ6HNphZyvZJs9,True,True,True,False,5.66929818,LIQUIDITY BURNT,5kvaZhq6eXNSfsN85REV4NP2pnVTN5SbD3tsRukoeubpeN8w9rwX7umPfNCBdc1V3mKwXQyQtSmZPdPqsDM7XxSB,5.0,0.14405070584845864%,616588.44
address,name,symbol,current_mcap,liquidity,Authority,supply,holders,updateAuthority,twitter_solscan,telegram_solscan,image_solscan,website_solscan,owner_sol_balance,BURN STATUS,liquidityPool_tx,transferedSolanaToLp,transfered_tokens_to_lp,launch Market Capitalization
FM9meB66mofeaHy3dBKKYXEMkx269suSfCyTSKHVitV3,Cat with 2 Faces,VENUS,9872,16.06085 SOL,False,1000000000.0,79,8Hhm5LqPtpVpy47dmz7ygxNvcGZVmc4EXg4HJemVmKqW,True,True,True,True,0.097279271,NO BURNT,2ezsg5Lp1QWVRZ5n92fdcsxe3bxHifgmbJAcHF5vrNu1ezgb5vKS2yRTADDbjCbg1ULCuwr7A8rY2he9wR7w78Jh,7.5,617.117075%,216.31632850912476
2VdTmdhqkj8w1NsjiaZfb7QobKapwWRLs9DE27hPyQ2y,Bidens Cone,Cone,20949,24.3241 SOL,False,10000000.0,132,7esa9s7DtdiEXbCU8EZT2CmNT2bLRr15s6DZWRAGnD5o,True,True,True,True,12.154380998,LIQUIDITY BURNT,645W9V9aTr4VTfcBGfoSSHokj62NooarRLaBJUkoMGaKQiKrjJFMV5KcAbS2noUxhgNqHQgYf2n3yWou3ViTEXoR,5.0,0.14084514066656945%,629308.1861434651
DnLc49csMAdGrR1xQxaWwgA1jiLHUj9iki9wjcQDGXZj,Cat in box,CATBOX,37514,35.513 SOL,False,100000000.0,28,ACzZueeheVyQGTP7Vdoiz68Cdo1FBWKkAVAUds7XfEG4,False,False,True,False,16.948974907,NO BURNT,4jGb3LeraLYnhZN9UCe3KNJvbUqNapeccg2p7uzn37iBZKs6ib3RvarvFpWofWffFyFXuzgciKsQzvf4ajkqaTUs,7.0,1.1111111111111112%,111799.8
2w6mwxgtNyej2Zpxb6Wtj5iaAoPHwwmnHQWD3aY9DCph,Cat Bank Degen Currency,CBDC,12500,20.591 SOL,False,10000000.0,113,5bFqJKKyuvSyP19Rryb3VDR2PPGASH1cds6Yasv7rvUC,True,True,True,True,8.814124638,LIQUIDITY BURNT,2a72vKYV5RheXEqvhh85rJtCtKEAu4DWhKoYku96BUrwTkw9PkQmyx8Tw9kkweWhfQtMrJwoN4T8TASJnUzLYkTr,6.0,0.10101010101010101%,1054944.0
6Wawi7fymRV3kLG1yaXKbtpzMHQeCcS2J4t9PDPfE2qV,Dancing Racoon,PEDRO,275194,121.3755 SOL,False,1000000000.0,58,GHNxba5CwaPTjrP9nj1GQ4ms5mbsYpQM9fcAxQaBievX,True,True,True,True,18.325102984,LIQUIDITY BURNT,iGPSMHzvJy9UsPxMsAqFVbbjJosqPeN5nGcNWL7Ro3Myw3iJFWdm25Bi8tjc46PzpHejP6jAATadupbcKjdthXW,10.0,99.0%,1794.3434343434344
5wf4qud7CyXVpDLjd3tXZXDesUSARdusx8o9fmHTWs1D,meownicorn,MEW,7846,16.8104 SOL,False,1000000000.0,103,7EADMi6gfzg75j7ipjhCLX2LRjXAvKghWTqEnQAgTZog,False,False,True,False,0.278074534,NO BURNT,4b3Wd6Eh565CxhUDVBP6KZbZJDhguZLJk4RAQSoi6FNK4TVWVBTmkayCXdveQXTJ7bwxCFQ97RAEwetghVgWhxpr,8.0,800.0%,178.47
GrrMh6vmhcnFDpdf1r1oRJgKLAkrjuXYNgfpfp7AaY8E,Booking on Sol,SOLBOOKING,13192,25.9721 SOL,False,100000000.0,75,DYHZC2CW2iLfxTqCLtFNC6E1xKCcsdSzsGCCm3XjY9tc,True,True,True,True,2.341807047,NO BURNT,46ig2WHTwUjegnuRVpsSeAXLTuzmdqemAyXGzBGajacuTj9ZQpeEFTvSWBxViXxExJzdqvAvnntjweJV3HaBufZG,11.0,90.0%,2180.933333333333
2AegcsRtVeSvoGRPDBSfTRRGH8YhU2RhgnqzgCLmd4oY,Bitcoin Pizza Day,BPD,10137,15.8872 SOL,False,1000000000.0,82,xmw4w6ghcGwKfecnLtnLhRG4tFHK8K9QFjAByoEx18j,True,True,True,True,0.413653237,LIQUIDITY BURNT,5G1SYKBZjZs8XuQ44stproCzm7YzBkqU9mbKz4XydnxBwJ1njQc9Jp8avAgPURE7z6Hcj3KHvLfxV7NVw4DbACSH,5.0,88.11007577466516%,1010.4973718068322
Ej8FN2vvUonrNkL5iokbEbnWHQ3rkzaBRT8FiH5G2xt1,Ponky,Ponky,6320,15.8428 SOL,False,1000000000.0,61,EXkXdQ2YgDadYKnjm84QCsjr7Gx248cjwmvxP7PuFgw5,True,True,True,True,2.73715605,NO BURNT,b4KKYMmDQYefGBVBtju3dUs4JZjWHPBCk83smYRSk9kG6yW1kX3Zx24Kv5JVEsJoRCsjw2Pm3FdrW8XTprpDEuy,7.5,19.387755102040817%,6895.46052631579
N9uJFyHFBaqemTeMVPLukScc4AnWKh5LoRKUsDMvoKx,Breakdancing Cat,DANCECAT,20598,24.1005 SOL,False,1000000000.0,43,DdorrymAahXVmNSaDr9VwRPWuU4Ha4iqAELUuorcPJS2,True,False,True,True,22.076446869,LIQUIDITY BURNT,27SJ8MLoufmxQsnVazeR6C92sBZ1LyQXiR7U9neRsAUZmv41EEY8V3FriqLrF5HELZP2DaVi1nErNF2yNxGmmLqv,5.0,100.0%,890.4000000000001
E3vKp2ApcD7Ydn8DNrtsawnj2wjdCDEbovV4WoZS1kAg,Suicidal Pepe,SPEPE,7146,14.5758 SOL,False,1000000000.0,141,A2Az43RgCeg7HmQ4C6vWE8SPscpfEeZemZ4PovbPTLnB,False,False,True,False,0.095938526,NO BURNT,2fj8L7KkL4F6SQUnm82RUz5c2Qyv86s7jyBRopC1cKoMUaZYDWg571HvAPPQnBt7UF7bxqhpB4MkJxeufRdqHX98,7.00970657,75064.5999%,1.6640729595253256
H3xb9F89FietmjztKd3AoV7hvRHuZSac6t8KbmkhA5PE,Saitama Cat,CATAMA,14189,17.3501 SOL,False,100000000.0,68,2zeBxdZvGF5F8UbGs7aQDK6bto8Tg9mhuswJGoQs1k5x,False,False,True,False,1.264696084,NO BURNT,XduvxTJMsTejFP9gTXKw8keFw53LDhPgK2zMFPBbCmimgGoenXs74WRYHmPNm3Ve5DuKncC84nJZS8KY9CDoMkc,4.0,100.0%,712.84
BckfbADaQnLyxQM7TWWiFFsnaD7vT9dhzHqBEdDCgdZS,TrumpChain,TRUMPCHAIN,7308,14.3105 SOL,False,1000000000.0,47,BK1TdPKyXKFHKRqjoBgJnKFxu2K7J4pq5ZE2ubBjfeAt,False,False,True,True,0.6893826,NO BURNT,38egCv9ouGUAAZjNzWoEk5BHQPfkUTuzrgXV5TsfBAH48YgUgf8RLVCBh5fftRY9KpZhgVdMYU3i4q59QZnr5PRt,5.0,100.0000614000377%,892.8994517594001
HHw3NYykg6MtaoaWE6NVfL6X9FJHjKuZZNL1VUoYtK8S,VanEck Spot Ethereum ETF,ETHV,18767,29.06805 SOL,False,1000000000.0,122,CyBZFarMFusaR7zD2qQBBZDDNB1wynPx4tjPKc6RhPQQ,True,True,True,False,1.635515268,NO BURNT,2ctcoDM11tB2GVtuQCLmSdj4bZtVvgkph3vjrzTP5K3MSuNoroJ6h9nLFnwJwvBdV6pL1Jm2GjhcCRh52snNRosA,8.0,100.0%,1427.76
4mVt7q6oeanLmHsAECzLttZZkToDkDz63t4TFjvyXUzB,MVPCAT,MVPCAT,18959,23.04934 SOL,False,1000000000.0,56,FfJZ2h7fYTBpc2hRV9CfjpovZAtwCn2MRAKdm9guTZQ9,True,True,True,True,14.318759322,NO BURNT,2axvqMkJKKth5UkpzfEy9uy416zZr1bmLRYdf8vbPaxjjwoq7PcdZBYbiUJA5zUDZt33tBToujN8A6H28trPkrhW,5.0,100.0%,892.75
2Z8dmHKntrw8pKwypcAyeQ9g1jwATRXBvzUGWe2ULhky,Bear On A Fucking Couch,COUCH,8908,15.74 SOL,False,1000000000.0,86,CTUiMLcY23FG3BUvRYxh3DT47G6cZVSpUntbQYuZePtA,True,True,True,True,3.080603374,LIQUIDITY BURNT,5SzKSgNb2XQ2zSDJP6Ye3jNwrjHb6fv8DhMg2oEiesF1avqmsb9ZyWQ8h5jGfpVwCp16BSBD5a88FnJnBm2jLPpC,5.0,9.168585858585859%,9754.503189414889
5CMFXgWWixcorGz93yNu9XBiP7LYikJXjV2i8bT69pcQ,Groyd,GROYD,36655,32.02833 SOL,False,10000000.0,144,bApnS2pxC6CNSzthRZ3hVGcQp9nLo5rov2jyDdo9nxu,True,True,True,True,1.665499863,LIQUIDITY BURNT,3MNzQjKUzQjtfWf9sRofYMJzxZRAtMhRcEX5Vw4R7oKfYjDG4ob52y6ZkZtFcYjPZ5UtRYW3cCFjU4nJJaLdpZZE,5.0,0.10101010101010101%,884119.5000000001
2vRK2eHNwqUrthui2fTYzAY2tSnkeVVTkBCoLtuG3mws,Rich Pepe Story,RichPepe,18844,23.02447 SOL,False,1000000000.0,50,28F7EgaERw1GJS5Vi73FQNWkpK3qpqGy1MgMsibw7vwK,True,True,True,True,8.066958266,LIQUIDITY BURNT,wVvzjcJ16KjfRfk5nJdE8qnshwEJ2kLgbEHa4gEagYwkF8X23eqUWPpmdSa9CXGgzsj4SbPqhJqw847Ad7AfHXu,5.0,133.33333333333331%,670.3125
6se11ssrAkSh5ebpyJ8EYNNaBMvTMDyyrJMAS6kZQeuh,Queen Cat,QUEEN,143006,89.8372 SOL,False,1000000000.0,105,DoRCdrM1gDgKzvVnUnyXLHAfKXncXo3oaXX8Gzihsfat,True,True,True,True,11.783747122,NO BURNT,3bcGnc3ZGQZJA7BbMDicKvk19vvxHiwLZJMDeaLrB7upJFoHuFYMe9KGithY5TKNohvKyK2ziWmy9qsjGf9qTE1d,10.0,1000.0%,177.74
5AKPSEFhtWBQrNgZGuih1izejUfnsJVm8YAB2HyrvmJA,MetaMeow,METAMEOW,10547,17.9 SOL,False,10000000.0,81,FJrjPDmiemF62hPrHdRmNZiNoccLNeCA55XcMn3aDKH3,True,True,True,True,12.166433963,LIQUIDITY BURNT,2n1StGiD2zSwCZRs5TdYo1a4TokcLP1iVVHvTauyY468N8KmyNow2KVpuxKT9MbG5emTWCSLinAfnJ2nexLMX6Kk,5.0,0.14405070584845864%,619538.79
7MxESjZesmFL4iRvrhbW2L83dKkFfMtWduMokBtyzL6r,Fefe,FEFE,178353,122.6112 SOL,False,100000000000.0,109,5yvZRpG3Akz7CqtLq5Ayz1bW7Wu8gYxngBrT86Ca8uXb,True,True,True,True,0.847171744,NO BURNT,2T6XTWrUcfkufYjvPmQ4tn6TnQzvgoPzjhhj7Rg1nCRSaudXveJKkBKxQF3V2EKZ4zWwveiW5e3bnPB3MkWPTueA,15.0,10000.0%,26.796
FjMPhuLU898rbPnbBwoHEjpEWjr9ajZQ9TyJo3FiHqHN,Fagchat,Fagchat,15553,20.8578 SOL,False,9999999.0,118,FCC9K9T6Fmz49R22ZAXv1vFBPVwagkmryC7U9LvHNyF2,True,True,True,True,12.172729679,LIQUIDITY BURNT,5W9N6t39LjXyYxR59JpxRALGp6cKDavhZutXQ7Au74JD63Kkq7MKfSfA4iLioMnoidyY9WoR7HCBSPJhqccB7WMw,5.0,999.9999%,89.2950089295009
7q4y8fC5gJ7FLEgect7QiUYtjNoJeEDZ3hx6bKD1rvHo,chobi,chobi,6157,14.8304 SOL,False,1000000000.0,146,Hhx7nUe7tjoTuwh9NahXFfNHd7FhuWUDtsDspPoMbnkQ,False,False,True,False,4.31626078,LIQUIDITY BURNT,4of7WfZXcdFiMoFYqCDvFv5pwiF8AkW42mmfrs75gYy9mUc4xNCbZmni9y4YeEP7takMxCxbS3FDDXFtHuf2CUS7,7.0,90.0%,1385.8444444444444
64QvdxQWQasEVhtCVsucjoCatcQTYGMXiRuUHjVcDtpz,poonk,POONK,38696,29.9423 SOL,False,1000000000.0,147,G9wvf9za85M29AqQrenKXfazTpYMLpgPuLkQFyChUQRP,True,True,True,True,6.296239244,LIQUIDITY BURNT,5oF3aHSsgmXVB6N6iyQbMUYrFsfRQtespiPjrH7YAoaaXnTRZruh2zdtpVD2rKPnzdixb25DWZtEhP5aTwCSMFzW,5.0,95.0%,940.0
A8WrQa7BLyu5zEhf4ufHiSigy8nPcoKRGy6p7EjQbdm6,Cat In A Fucking Ferrari,Ferrari,28287293,1260.5101 SOL,False,1000000000.0,34,353N7mbYmGsR14S1eKMM8hoSYUhwVQPvxwq4zRcaM7R1,False,False,True,False,25.534636686,NO BURNT,3xkHLzsiE8YHgexcckwrzXLBzJDRxerdrzhHcEGmZgr1336tqebb9Wv7TRkHW4SfnWEUzhkuB4JtXU9j8cbYSu2c,10.0,100.0%,1784.8
7itPr8pt2bvvrWteZ62jh8anoDAqFQ9zjAvnUj5t8EfG,ARTHURCOIN,ARTHUR,14425,23.7127 SOL,False,1000000000.0,146,3NmV5dpGCWKZN5SWCJ3GftQ289CdYAkb3BmswiP5ZrRt,False,False,True,False,1.101795738,LIQUIDITY BURNT,5CHTFnceoHL4LeTmjF4sZUtayjPGCzJ5WABwEA2nv2VMXtZfs5js1x3v1CPq2yA2fmB5hUwimmYL278vn3huA3AK,8.0,90.0%,1579.2888888888888
7DxikLrNiBkjufYNHYobH9pSxtM7oBHTdTZ5h5jTuhht,JEET FIGHTER GAME,JEETFIGHT,10802,25.4187 SOL,False,1000000000.0,45,AqohhRct9AxPbUxiEqFcJnWNnq83zB8d92pgAt5gGbdn,True,True,True,True,2.01284713,NO BURNT,5KnkiSU5qZTTRNRxjGSZpoB6yfK6mS4e1tFakk2Ud1kuTnS9JgTQjAeSPd5tV1Ai7miYo3tME2opTmuECXzPK5MX,11.2,10.919540229885058%,18208.971789473682
G2r9ipzv8HcdSGwuezTBFdPj8t1tXKbnZbL4P5pYH3bL,Boeing Kill Everyone,Conspiracy,20733,24.1384 SOL,False,1000000000.0,49,Fcfp3fU8AFUid1YsunWauCFTYaWB1k6kpXtK6bvHFSnN,True,True,True,True,7.314003233,NO BURNT,5Yr1gdP9TMEcd7Hh7mFZGxsTKyVEte1cWnXovqcVPgUZxGsbx95sW1wR2oTk9XnwrKEHGyGcQ4ht6X3sJ9kvoRpb,5.0,10.0%,8881.5
CHkpAUM7AHzrQH9UGWHzV8hQuao3mRudkp12kJE1o8gu,ONLYTRUMP,ONLYTRUMP,9135,12.2205 SOL,False,1000000000.0,152,9jRkskthKf1yvFuni7eyUJhM5PbvekC1DYaxVdYaFLve,True,True,True,True,12.128062345,LIQUIDITY BURNT,2ppPxEGjpgnYi2AF3oPatKVEKydi5BQWaKk8cH3cVfpbZBjKex6WQHrwb88higvDDCrbjPeTZmJZBdJ8HM92d3gx,5.0,80.0%,1109.6875
address,name,symbol,current_mcap,liquidity,Authority,supply,holders,updateAuthority,twitter_solscan,telegram_solscan,image_solscan,website_solscan,owner_sol_balance,BURN STATUS,liquidityPool_tx,transferedSolanaToLp,transfered_tokens_to_lp,launch Market Capitalization
address,name,symbol,current_mcap,liquidity,Authority,supply,holders,updateAuthority,twitter_solscan,telegram_solscan,image_solscan,website_solscan,owner_sol_balance,BURN STATUS,liquidityPool_tx,transferedSolanaToLp,transfered_tokens_to_lp,launch Market Capitalization
4QDV8xrAxiLZ27dCTBZh7xz8nXgWE7N4juFB37Z5fSXJ,TrumpArmy,$AA,7945,14.9367 SOL,False,1000000000.0,108,2WPykrpDn2SJ2C12vH5RxtnjrTZQkmxab6M4jNnk8rBo,True,False,True,False,1.2093876,NO BURNT,34TjvqvmrgNUG5V1Z4YinZnzzUYDdSo4QSNagvfosfHFWbMaaNA6A4mgTE23batLqkdVMqaDZqTsJSQydk7LDd2f,5.0,15.873015873015872%,5612.985000000001
BDLEp7KqRoXxd4bnHex99uWADjtyzwfhmwW3qyPbEcAA,Trumps Army,$TA,6050,13.02866 SOL,False,1000000000.0,51,8wcd9YQcDtcyHmW6dRtT5QfdDfk9Pb18b11dDcCGm4iC,True,False,True,False,0.89636836,NO BURNT,MYtcgoUvaugp1zBRCtrjMNv69niJ1As7nyrAGBnavMGZh9kkSiAFizK7ti2VGt4tbwZK61zCtbnvfodYz5w2hWF,5.0,100.0%,892.5
Hw7cWPoTzC4951UGycVr24LpBybdGLEByNnYDCVsmnbY,Jolian Azzange,JAZZ,7317,23.1275 SOL,False,999999999.0,104,75WnVBcbZdk8qNM98xtWHKZM63csubYo7qGtCKMPKU1G,True,True,True,True,0.143840419,NO BURNT,4Pi55xCbV6GCj2XYQrZWTztZmzZ1R4BPLxw4vnZMMvnVMZ4reRUV2Akmc9uwdysFRnUYkjxpFmHuzNHYRxZD7pc8,17.0,77.7777777%,3903.24857533182
Co4gCN4fuQTqMwChRsYfckFZYhzBrRk2mBbJpW2zTMRr,Fliko Uni,FLIKO,22933,24.5002 SOL,False,100000000.0,53,7rcNyipJioPhemzQfGFyE5KmyStJ3NXtAuQEEEg1HGi6,True,True,True,True,22.296483776,LIQUIDITY BURNT,5QZjPuNpvpMzzbXnhPHPLx86EbjAcupWRhEjJ6wm6q7C8rzERruybbpvesD2GewYH4xgZoAnAmawRMX3Nmirfw2J,6.0,7.8%,13778.461538461539
HuvAEnQEcHhafo5jJPP3zWcS2PumXhYoiDZXbVyUzfm,CobyWifCat,CWIFC,7066,14.08517 SOL,False,1000000000.0,143,73MdaEJNDiuCqoyjXwzXdeQBXwqN6xUShJ5znZGdDiTt,False,False,True,False,0.077115,NO BURNT,4YLEDHDM47JQmiyVcoCDo3HZKpgHeXFchtQGi3xtWRY8j6pmuyDSJcHSesGMxCnkYy6KhuBdRnnNvv3jaYWrLxNg,5.0,1000.0%,89.43
99mDhRUahxq1kWiBGWBDoryCvPcAcQg9XSdVRrTJ4GXD,Dog Wif Hair,WIFHAIR,6131,10.9352 SOL,False,420000000.0,74,DEFRgj33hRJ4Zxa8khPJbx9ytpnSG5QLTV5Aqk9w7dLt,True,True,True,True,5.815315816,LIQUIDITY BURNT,oSgLEmVxwcwuAvWM7eE6V5Y8fTEsFMM53dWob4XRrQL2Lw8MzyJ5jUkSW4UuJpKxgNCQpAb5QcmR1aRmxovN5ZS,5.0,29400.0%,3.0700680272108842
9pj6vWPN7DwpWDDqAjasQHGEs4wy2Rffe1SAJkAQzT18,Laszlo Hanyecz,Laszlo,22685,27.5694 SOL,False,1000000.0,154,CiMPpSudLNLvqBB1CsNy5ozXm6Q25NPfKAiXUBDV6kQ4,True,True,True,False,5.0783938,LIQUIDITY BURNT,2kFEk32p5nqgpDrcX8AWdDn3TvQThEdFaxi7YM9LwsU8NuJQSxiLMmisaeqVtRGf5BrY1PKFtqwCQ6hhtERkfQiV,6.0,0.1%,1082040.0
D3KWqBA2Pf2kGcGLagKARMZR66SwnDyp8t84Pw7dWLJQ,Dede,$DEDE,21677,21.6097 SOL,False,1000000000.0,59,5R6huPpLyooU4o1SoquwJzK4LqJHHw1jqo2EhPodSqby,False,False,True,False,0.317469082,LIQUIDITY BURNT,5XRKwLj5c9pXynKqnVpESfr8gFV6ZKWvrTyWNzrQFVjpuzRbFhkvCte2Zge2ueEmiMWV2jQ2h4LzugSKRd5hbVWs,5.0,80.00000008%,1132.0624988679376
5tFqyPHb6yf6CEzWFCfJzrLYgHW4f4VMT3bLyznXo8Kn,APE TAXI,TAXI,193684,101.5586 SOL,False,1000000000.0,136,5Y1pLbTsfz45hYGiY3u9wMubqpGg6PHWFwK9p49APBbu,True,True,True,True,16.75440914,LIQUIDITY BURNT,nFRfE8x7eu1u9pp8EvNvn3ej2QGNAaiLmjwH11nSTHBpBe8GQswdMDyaY4fmLEcg5szQZn9EzEvC5tUP1L2gpLS,10.0,45.23809523809524%,4036.6421052631586
GDKYXqRajEg6reHjHHHRSr5RFtxf5s8w2PKhfne4sG7K,Make Pepe Great Again,MPGA,405551,126.8747 SOL,False,1000000000.0,160,8YWuhmyDp9dF3tghbraTNAsqXmC2vgyUMd8U2U9FZHJk,True,True,True,True,1.260135422,LIQUIDITY BURNT,2c4f4XemAtQBTzkeCAqyXpcM6t6w3LuoTuPYWfW4CcDFaCjruoVyENyQ4YaxUJ2KwgMrk9R4zEsFzfRApQLFjxHQ,7.0,100.0%,1268.05
EinpB61jPABjkMzGUisjSxkGrTsLTHkFRNKDBqXgoyfx,DEPE,DEPE,9807,16.1385 SOL,False,1000000000.0,51,6KEa55YYrSiQFVGBZpbHfxwNo6Rwdd6VrAXHZi7H7w7x,True,True,True,True,0.14145816,NO BURNT,26dQTeGjsS7QAwrHQFDwcu3Thg7GjcmVezxGBr4UcryhBxHRzvgPeyvmCTd9EK7R8fMnd32CHGBQ5PcXBfrHdN2L,5.0,96.397811%,941.0483397802467
9BvCCVidTc1Te1pVEstFT2jJ43jWj2e6dhdmoXwcFQHo,PEPE GENERATOR,PEPEG,216676,104.2347 SOL,False,1000000000.0,137,39pvELk3rEo4EPFCTZcv5GNXzKrABm57qJf3kqiQJBA1,True,True,True,True,0.912596863,NO BURNT,3dRP3LKCZvXom42UnB5RrR7ESq2E3QJPLchHV6L9i8QwvhMDXUqM2LcMXPEzKKVt4SiJWMy1aSMoRWdmPeBzJjsT,10.0,90.0%,2016.3333333333335
Bn9vzteJLKePX15qmnrCLzevysoEQaZxMESbJnku4fBM,Cringi,CRINGI,165341,91.1474 SOL,False,1000000000.0,25,2s8jcrDM8RvVc5TMGjosvUtY5gNAvuCoGdXxEqsb4YeM,True,True,True,True,14.069443701,LIQUIDITY BURNT,fatbQgqXhQvkd9FkkU5Q48WmapVdA4rXuiyHJfJ2GeFATVWhcYR2htn5jEepFbk2vK7H6nwxWEtkw8Buuv8JiA9,10.0,90.0%,2012.9999999999995
5W3BAsDpBPYKYZ74ZiiUmUDyNtxkWz1rz6khPDLQ3mmS,Trump Bonk,TRUNK,14574,18.5408 SOL,False,1000000000.0,60,7XXeVyuz3VB4W1htTWF1W98C7kf7914xMgJz6RoNTepr,False,False,True,False,0.507057997,NO BURNT,2jeCJirbC45fv6dwr7eMxM6ms8crvER2eboS7HnnnBrkBn5khBvsM3PUAyY5hGs5NV7isMHWKWqSn2YaV2zXYiS8,4.0,10.0%,7199.2
address,name,symbol,current_mcap,liquidity,Authority,supply,holders,updateAuthority,twitter_solscan,telegram_solscan,image_solscan,website_solscan,owner_sol_balance,BURN STATUS,liquidityPool_tx,transferedSolanaToLp,transfered_tokens_to_lp,launch Market Capitalization
8zcQNQW4e3F6DPJu55GogynVvuv7io7XJvwaqa4YPcK3,QWEEN,QWEEN,10619,16.3915 SOL,False,100000000.0,76,BoMSSGnWmmJGcKHZXPmRr1o6SiXMGdeuxHtCMBfWY1Q7,True,True,True,True,0.95804997,LIQUIDITY BURNT,4y1uVpmrGJmkR1pZqRgocsiKEhtbyvxEw3GjbBc7nS711BkhcJLqntCoWrgbQ5WC4TgpQd5cmF4uNRmyALvTuTKs,5.0,9.0%,10013.888888888889
E6shTXRGXwvX3rkDMS7AXWxJZbTuM41RxULCK9VXEaMb,BOBAK,BOBAK,9158,14.6383 SOL,False,333777777.0,134,Guro4y7WSEVWFW7nRzQAsfLnPEtrr8cMyyqPX9b9Ui3a,False,False,True,False,2.669057884,LIQUIDITY BURNT,664Bccr94GJa82sshTfW6z6ow8fscrC8ZTvE9x5i8D6WN7TFe5RtcAswA2aCghDV19kYeXDtVDpgYcM4sqmjJHcG,6.0,23.3775308%,4617.510757544373
BBzT7S1QRjzsLruJA2eqq6d49thtFN7y5515zhAH218q,Elon Wif Trump,EWT,14453,17.001849 SOL,False,100000000.0,70,DDCJZzo9R2nj9XqyCg64KKXZmnsbTdXM6oRi55URoykf,True,True,True,True,2.298904561,LIQUIDITY BURNT,3PRPGhDzmC1sgFCTFL1nVtUHhuVwsiRh51foS1TQKQqjCBAEF21HnBbnj1GYKszzvZMj8XfXN4FSJD91f6jPa2uD,4.0,9.0%,7996.444444444444
HnqgVhhDTnSaSnEbJnpqU64DTzsZxkC9ukgG89Go9oU5,Garfielf,GARFIELF,41840,31.6726 SOL,False,1000000000.0,82,A84p4nKmM1bucTzb4DNR29BJQz5gveNEPmzTv8VyUvzp,False,False,True,False,0.092411583,LIQUIDITY BURNT,33mJAndPYVVMkkw5or12Y3MkkkCfGgB9wmTTAKPmL9o6yLUpRUHohnUeJjBEXxasaQFd7dCZER1CUsXCRkFYsuVa,5.0,850.0%,105.82941176470587
6JdtQeEwtEdPXozR7UrUhq14ctMmsWpX7MY1qTwq8w4L,Gambling Addicted Youths,GAY,8117,15.006338 SOL,False,1000000000.0,33,73hCi44k9KsRKhFQUzExi2mkykFAB6481dJQU3W6dPyQ,False,False,True,False,49.6143826,NO BURNT,1MucUv4opi1NcoyrAB8N75hVQC6GDpuj38dBcgF7toNJxJYhYRdakBUH6oaDbxq3G4hYWf8Vwcpenq1Nwa4UVTs,5.0,1000.0%,89.925
EZNXMgjsa3pgD6HhM1HssFtqpNaKoXCpLnxoeajRYWHu,Grab Her By The Sol,GRABSOL,77519,46.4077 SOL,False,100000000.0,68,5CQ7MGfm8UmBSr56trXGjtbhTrNwgbJLaBDTQmFjjxz8,True,True,True,True,0.314999613,NO BURNT,4PuBpRoYxPTL1acC4oxYu2s4Jpzww5JwkcYmPazR1h7YrMPrQuqPBsxj72wkTcSq8ea17EbQPQ12zCFdDrchD5JR,5.0,10.0%,8989.0
DKw3gnt5AzCBieepZpxudjWjSQer9CBc17KSVE8sjtpk,Jensen Huang,NVIDIA,138212,62.0664 SOL,False,1000000000.0,28,3a3x6cFSCDpio9WTHuzFbF4ReKuVasjDWaHB9W3ngHRy,True,True,True,True,3.714524747,NO BURNT,jMHQhchNAoJERUwHqy4kQ87SxKWMKqRaVa2EAyFqwMCMm2wxjofxip4VYsG6xuNUy3fBXXcsY5kDG4gZ4a3FDxj,5.0,90909090.9090909%,0.000987085
6AmgWZ8ZWd4wioPefT3CFJUfdioRyb7ko1FSPWKVZVF3,Pepe's Wifey,WIFEY,128184,70.8351 SOL,False,1000000000.0,137,DK5WM37X7DZJhBeHjpBDFNEAJxk9LKY23XsEJtd5FPSR,True,True,True,True,1.614932288,LIQUIDITY BURNT,2GCbD9YtyoBNsY93LcUkP6AVF7fGig6539s2j8s3vjkCDYNZH4KewMntnDNLwXV1Mm8BUMXHRbt6vEbiaYGizPuE,7.0,10000.0%,12.5832
HwJRV7qqsxC3zcrRVtJXkmg6bGKj4nMxwzoZdiKb19rF,Book of Pizza,BOOP,18887,22.9608 SOL,False,10000000.0,163,PvZA62QrDFCGTeTsJiNwX7nLtyyrumYBrfEwYYUnQcL,True,True,True,True,8.941902348,LIQUIDITY BURNT,2cZHGX9mamMYaSKMNd2w4K9eD9tWmAts3xgenTxkaUsmraAF31GFFfDFUX64VRBbxMv2BcaVimWRf4MKcyTeZRoe,5.0,0.6666666666666667%,134752.5
5X8BExi1drQRAnG73UJbKAc4721GewmAn93JJ6EDcZcA,Pepito,PEPI,20709,24.008491 SOL,False,10000000.0,112,5Eiy4JJvoPKbWoBsCQNKqSn9miXBAX1abtNiZinaMdXn,True,True,True,False,3.821384501,LIQUIDITY BURNT,rjpC9AETM4xiBKy98dR5gsmh2zmEyP71Xi8UYScnPLjLpsD9Feewek2L7CK52HzVn85PAy8AgGhQrDsYMeUqkhQ,5.0,1.0%,89665.0
AikYK7rAVjJCmgicddzRbqpFyE9ju1mKnKkh5Ss5HXmV,Crypto bill,FIT21,92426,50.7581 SOL,False,1000000000.0,19,3a3x6cFSCDpio9WTHuzFbF4ReKuVasjDWaHB9W3ngHRy,False,False,True,False,0.431422939,NO BURNT,5adYahJYviE1v8fGjciPpSxTyEqLsx9EFzjYc5mYrED86tobU1eXw4sPNUi7qoqXvSvWoqSSQNz7u3XYeViN7YnM,5.0,100.0%,895.95
7Txq4v5DLohosMhSbNZV9PuowCzmZaSxKkifi26Bsq7G,BOX CAT,BOX,24947,26.437 SOL,False,1000000000.0,38,CKMGduMXDDURHQ1fi3pGQimEmPshMGztBwBfinA3wLux,True,True,True,True,0.838098656,NO BURNT,31gpYyCcXeVDYQT4G7Y5cS1VynvwVACoJgTdEfWeCYZsBrxqrdxFQn1UST6ky4a9Caps2wECwFfvHpfgo7zG5Jkv,5.0,14.405070584845866%,6191.5698
5y4GbrvB7EtUAoRhBv7JP3LHvEEfHq4K9LgnCKGDzPzY,Pepinator,PEPINATOR,8350,15.3021 SOL,False,10000000.0,99,4W9QNKjkLkXRrbcUU4JJWikZtb5mTWSimHsZm98ipLtr,True,True,True,True,2.126218249,LIQUIDITY BURNT,4PsWDixkKyWkuPfW82u3mRd7Vi64NsC1svAaLF2pS2tW7HNuy6Ef5bUnYkcyMtkWxKhvdSxYsjUbJCqigbk5oWoq,5.0,1.0%,88879.99999999999
DVx5fXczJ2HLULnRhjjGHwvXBkPGyvuRAMmFqGRL8xCU,PepeFork,PORK,20758,23.6901 SOL,False,10000000.0,53,9yLqqumDHVYRG3nmm8651sc2N2afVRWeCx7f2cuXVLWs,True,True,True,True,1.162962982,LIQUIDITY BURNT,GLayY8uERDBWvMS6Frn8XQAF29EYgGBXaFYMoGFFwBYgDxMQpcaF4YFe8W4YkXvfJFNcRZ28s2iv9umMGNx4xa6,5.0,100.0%,888.9499999999999
d5JFyA6iNVVNnDsM5XRyhoSWLM7HZ6CHAhbJXj1RqpE,PEPECITO,PEPECITO,32446,25.6775 SOL,False,123000000.0,82,HzvPEcrJkVHwQ1hkYyTzF9kEigxm2gnzr5b6U7qu9T9x,True,True,True,True,37.886644597,LIQUIDITY BURNT,4dALvfoYuRQSJ5dN1waSmJX85cosMrYLP5eW455uQRSSUAZPXKcKYoxyZHVrb4P9qyviYvi7JhG1FqEvQEQxSgTi,4.0,11.07%,6403.97470641373
HSihrtMU22gj53KugEKsgS2eiGadV9P4gzLgMjaxwd4a,PEPESR,PEPESR,9824,15.8505 SOL,False,1000000000.0,74,7pS3kRyfFveWypeRJFB888uCyXV5yx8gdgviUZ6EaZnv,True,True,True,True,1.253204235,LIQUIDITY BURNT,5tXA5k8ueJQtEQZxHLoX3V7bkeA5Sk9HpkSDy6rNXtG7GGfXMN4djphKDcy8xsTXp44TawrneL6XyGDcthFPay7A,5.0,90.60000000000001%,978.2560706401766
6hSLhKyG9PJ8CLabTaBKZd9C5vHUp8PMrEyNpVmbwxTZ,pebe,pebe,21743,23.2569 SOL,False,1000000000.0,96,5vXnCPXq344g7g2CFahk4LrAJTDyHCMnv286a58xi28b,True,True,True,True,1.217750237,LIQUIDITY BURNT,HBqjv3yTr3uCkzK3JJEoTe7eQRzjTrV5ry9aA9z4dnbjgmasr8ZXT2tCRzR2e4KrvVK4tvf94PKmqDtedYcrjwk,5.0,894.9999999999999%,99.25139664804469
CJGDevajCEtkvpx3RBGhaqXTx6ucUKQNet2eort4h2VA,Trump's Hair,HAIR,42123,52.6 SOL,False,1000000000.0,105,8M6QQ3pkiaj9Rfuz87C4sdUZCfHUpV6KxVj7ysTo3XTT,True,True,True,True,1.05752176,NO BURNT,2g5Yb8XbQrjG9Xs1TRX1rxosSDNGj9SRAi6NQz7MVNn9ct6U8eDMshjReYib1yAquoVTADeMZPLJgA4umnYLiE5J,5.0,100.0%,887.35
27Aink4p1Dd7kWVqi8EgMzuvVCDyg48hmxsu6reDGN2T,Pepe Pizzeria ,PepeJohn,19460,23.5071 SOL,False,1000000000.0,49,5nDqzfxV1j8rg2vVAMxNXGpx5o8SvWwxsAc3sgLFF4LZ,True,True,True,True,19.44712227,NO BURNT,2VD3UHhJzCMMtBhxoxQ4fezPEwWJ4DcDSiE9jLVnpwaB1Ay2KhdaaBrzefS8W33qFnKsmPLtpwXD3QXhbzxpqsTJ,5.0,0.04502746528311311%,1968465.2343342374
2mm75XwVYQ8dSynJQJVf6s54AsDtBhaLDyEj5DjhLYAJ,Okayeg,OKAYEG,50794,37.881 SOL,False,1000000.0,123,HEUxWRVt2BJtCseh92GvG5MgKTHq4u9SsTCdtXbwFzS5,True,True,True,True,4.0224038,LIQUIDITY BURNT,2mrwsaY2Jec54CGTcfU8SqQPigUVcuyYmb4mZngSCeA5nEMz1bfbSG4ecY8Cxaq3EbKNBMKVvz5MXHmbFJVQKekG,5.0,0.1%,891299.9999999999
CArZyWZAkLwZc3FhVKPZYaHjC4mfk2HRpHJVBeGC8E7y,The CatFather,CATFATHER,6730,13.05046 SOL,False,100000000.0,67,2CqaBe8PiSBEm8wUzkVtSfRNdUZrMA6TZ8pY3xN6K1Jd,True,True,True,True,0.607655532,LIQUIDITY BURNT,3CwdAFhD9fC6LHvGQvZ5A64ARtZcun6UvLEvNnEC1JHNb2YjYvjcECVjkrFRZ9uMPbijxM4wdiYrFeAgsZ1rvZvf,5.0,0.967741935483871%,91889.16666666667
7gcshctyY5yLfpAQwKci67aqsrNdnTdZ7cmVRwjhG4Be,Pepe In A Fucking Mercedes,MERCEDES,12425,23.1712 SOL,False,123000000.0,52,HzvPEcrJkVHwQ1hkYyTzF9kEigxm2gnzr5b6U7qu9T9x,True,True,True,True,36.969864358,LIQUIDITY BURNT,2sPD5USRfLK8yZ4cWN9NJA7HnC6cK1UvP9eyRDgLy8yvMRFzFiqwwabNfczrnm7GfzUZibyzxA9KV8KMs2AKfNPj,4.0,110.7%,639.7109304426377
3BEJfpCVJkzuNCD5Ddy6d5278ScXeezqYjNAevWMAVRt,FLYINGCOFFINBOEING300,$COFFIN,8003,15.03698 SOL,False,1000000000.0,111,7rtmYbyWUjsK3Bq3S2T69Tu19Gkzon2h359Vc62isa5E,True,False,True,False,1.2123876,NO BURNT,26KJE9FvhQLdQiwdnZLzspA8VhdfwDdqBiKqvFb97vRryjmF4LswbaMaRRFKMsqAu2RmzBufryrpaf5xzTa5xyHL,5.0,100.0%,882.55
BEsPQmbLpb5CGYYsEBgLgfKW4tp3uuVQJ3uWY1D64vT1,LiveWifStepSis,LIVEWIFSIS,13600,19.5539 SOL,False,1000000.0,16,7AQ6ZVBRaqtrgt8mmtCUePjNieDv6if2Zn9FwGib5vh6,True,True,True,True,10.166245393,LIQUIDITY BURNT,3ArBYbdfmC7RsEddKVPMBfGH6Hp55B4RS1YS3d3QP4pVQoXbXdPE4c5L2nMzjfGWHDRcwtHPfkt74BFf86w5Cuw9,5.0,0.1%,888949.9999999999
4WuErAwoRAH9onPKZ8CUuLXfXXJgoEVLfABzLUT4BGmo,Pepe wif Gummy,PepeGUMMY,18914,23.05535 SOL,False,1000000000.0,50,ouWop9k55N7KtrNcvpehLQ1gtoLhGdpMstTKq4gDQoK,True,True,True,True,10.225369266,NO BURNT,3cmu75gHnP5459X5YoGAu785Y92LTgpAitq82CracQre87YjRutWqsAFwawPFoVWLHiNeSQM1p1qaH1dvvVpH8nh,5.0,100.0%,890.15
HerTrv5dK94URBDz2Bet87tRDPZBwGdDe3v45c3aMpYi,MAKE PEPE,MPEPE,21575,24.5908 SOL,False,1000000000.0,59,9bBAXLEJeGStkoc7AoKtnWgdmzPFHPDkDgKEPsWU6cK,True,True,True,True,0.465383503,NO BURNT,49maecBVqppYUYC2ub5GTzfVxRMdiJjwkfyUAKrDQUwzobC2n5RVw4Vmf9tmmE6L2hJuNjhg3pxns1KsxNynjzbn,5.0,100.0%,891.55
A7QAmWAzErKVFy9DAThoHTCgcCviSEaZG65AH5vy2VmH,Cats Dogs Dancing,DANCING,28105,28.148 SOL,False,1000000000.0,46,8e3hmD18sK9iWDi13JmYvZwion8uSK5FWeeJ2hjEBG54,True,True,True,True,8.802612662,NO BURNT,3c5J1eLsYCvFf4z578kVKrQXfuUC99sWtMz9BAtaYuqyAvRgNBgtCHqHxA4d9f1fjvmDZAh98sndwj2SDMxPUE6Z,5.0,100.0%,892.65
address,name,symbol,current_mcap,liquidity,Authority,supply,holders,updateAuthority,twitter_solscan,telegram_solscan,image_solscan,website_solscan,owner_sol_balance,BURN STATUS,liquidityPool_tx,transferedSolanaToLp,transfered_tokens_to_lp,launch Market Capitalization
EFuqBjq8wMgwUFCXfY8phPeK97UUyLpQUkfPf5bu1e5A,PepeWifMaga,PAGA,32859,24.5949 SOL,False,123000000.0,49,HzvPEcrJkVHwQ1hkYyTzF9kEigxm2gnzr5b6U7qu9T9x,True,True,True,True,39.146628347,LIQUIDITY BURNT,2tHf3wjTMnk8NWUV7tNss8s5dhLjyt9QYn1xSuiELpWdQJ5wSjn9VGgiouXyvQYLJtHsZNzcFq7beSQ3xhH6gFmo,4.0,1.419230769230769%,47152.30352303523
AQcJ6hbia8m2S6ZA8NobBJX3fXpFHC3bvN5nQ8W7BqPa,Space Wallet ,Space,7545,13.871 SOL,False,1000000000.0,205,EfkAA6cSyuyDCNpnJVYVnGu6FFPnaUygSsBqbvkMTMXF,True,True,True,True,1.047971569,LIQUIDITY BURNT,GwPe5cvf1Q5BQqjfcvGr7bd4A8aWtEU6Y48HZyVYSjhfTvAXShvsZF419iA6XWKaVEuFHUjtKCD36SdTiFQRsNC,6.0,70.0%,1434.7714285714285
RBDqGWptgbLy934AKfmcbXCVtjRoUq8hC4ZDUpdM5Eo,Fag Fam,FAGFAM,10315,25.9346 SOL,False,1000000000.0,59,FrJiUTZM38gS6bSrhyXViD9socq8TcgVjeFiBaokYywt,True,True,True,True,0.608994542,NO BURNT,3QQ4taXaNKiupZQ7K196ac9eQ16D9y2t5gkTGXYjB3CjBkuShjQNd5DaKywL9qV8wyzpDNH52HtZf772uuWCfzAt,11.5,13.013698630136986%,14778.734736842109
Bckp4VnQxbv4pfwbT7GVaDvR5GSE5rAquzpizsgfUqA4,Jackie Chan Solana,JC,7812,14.5218 SOL,False,998000000.0,175,GsGjMvivcNiPLy9MJcgt4AWsnaqTHmaB8n5uHb5DrJLj,False,False,True,False,3.040896305,LIQUIDITY BURNT,5J8QbXfdMAp6hioApF45WgysusN625EmEv758hm5mDENad2wZUfCFTawejDN7jHFReNZmbq9axPCzEdDU6LPtBMU,6.0,75.0%,1338.88
4Lyra1KEKyi1kZ4utUQpL1mmDD8MjChgMBqbeC7eAuyY,Make Kabosu Great Again,MKGA,47789,33.3999 SOL,False,10000000.0,83,EYjWXxXYmDhiivkXUSxgr8G7b4S8btM8X7nL9hrcf4bA,True,True,True,True,8.891770032,LIQUIDITY BURNT,5BtswFsbsPi3vXfGMamQrd5EmDzCXQMz3LSrcgDBowzyf7AsoL4EW1puMAKVM8JY24kScejH6Ed9EYsxx4LNHfWj,4.0,0.9769999999999999%,68753.32650972364
HhXSLWuEpK825cHMyBEWyaNDPuudsUV89TarghvpWKo9,Kabosu Miner,MINER,35595,29.6425 SOL,False,1000000000.0,181,FA8q1qAQboMZ15UgLj657QGc62WcPyBWF1QnHb8N5U6W,True,True,True,True,1.268484887,LIQUIDITY BURNT,4AHMaqor9G27jrCuBGaEERJvVD711CygPC4i5nYpcbTFnuJ1RDkpiMvKnmmpa2BcSEpQTE4tDBu1TwjBVzemqw4a,4.0,100.0%,672.24
FG9vCnfJ2ivm5N1ZjEueideVhZaB4vzwJfXcgjHGtv9c,DOGE COIN,DOGE,6452,13.8727 SOL,False,1000000000.0,79,FGKZNLDFQuhtX33RMnrgxb2cauhS5LYCaC8yzhjXZPWn,True,True,True,False,2.0897298,LIQUIDITY BURNT,5DbSuyohEh3Rg7ZLxdAqyJQmRGBwtxeST2v1911cohMtkMtRsHNTht98BHYect5umSD4zWGwhNGDKXNQXFyLSMCT,5.0,100.0%,842.25
GfszBeVo6tWqPbQ6YWHncmUihdmVySSVuYZbFgxfguaR,GEORGE,GEORGE,13006,18.6534 SOL,False,1000000000.0,60,rxPL4ptccAviKvpRe98R2iYKNW963A3DK2BFpzc9vEq,True,True,True,True,0.633317202,LIQUIDITY BURNT,2AWPLpiKvik3SA5p2r4qi1XArkcmT8LCZRw7LZSNJq7Y9GU1qgFsfeURE4VtzTSUqZ2bhNvfC6pfciEQLxLdnmVV,5.0,90.0%,934.5000000000001
Bw4zkLs6kUTFiAXy79acRoV8jgXSAvVhq75BW32CQJM,Doge Floyd,DFLOYD,26425,28.2037 SOL,False,100000.0,94,EfEEX3KBZA5Wg6s5UsYa9sBEYFg7gtU7XRBULvbmoZRC,True,True,True,True,1.09878678,NO BURNT,5AkwamgvNE4RJ5mHB265t1rMcfhYC6HMToXBnDc9CJKsTdKY4ySonEnYbvQ7dJxAwD5UGoAc6CpD9mwt31BWkB93,5.0,0.01%,8397000.0
6jvUifZekBmZBNLBjYmUEXRmPgivN2EHsHCKaqRpLTk2,Paper Pepe,PAPEPE,17467,22.2307 SOL,False,1000000000.0,90,7VXUitGRk8j7XdtiMpTu4gBAxrs461b5v5VSCuyVPeMz,True,True,True,True,10.577507394,LIQUIDITY BURNT,fJ7rdXN3U5mWbtMjvuzqUqMEuRHZ3fznPFZeN2QwGLvdYnNBn8ksNmMuXZyrnV3sF4DyXhh6aGYhQq81NyoSxAx,5.0,9.595959595959595%,8751.078947368422
D1dh3qBWs5YEmQJnGJYcMCChL6GBepS9zvUGpnmJDEwe,MemeUni,MUNI,9586,24.9105 SOL,False,1000000000.0,43,HKXbeLKg5zBo7qM1No4GMfSPHW2ugHx9KugoMsfgqrNJ,True,True,True,True,0.620286592,NO BURNT,5BNJPgCfwCyp4vea86XgfnMDpQUpstyrfbgDNL7wufzMhhFoXnfj5ehiCMp6Q18UPAkZfNzUTnfrz2KkGuT3H9sr,11.5,137.59740447843342%,1404.2634069473684
8sp6Scz1Ffn2sTtsMDYGcZWAeD8HUXvYchbASyJZhdAg,Double Top,DTOP,7320,11.04432 SOL,False,690420000.0,64,7AwxzkvwWcCsHDa8earuM3WUC3s3E4cU274PZtMZDUtb,True,True,True,True,1.142964055,LIQUIDITY BURNT,5WyRjJ3HQ9oYaS8Q7wXt63JKn7a8QEvmmEeUesoJDhWpySxZ2QWDrucSbRzn5ZEPR6YsX8cSNM9od12rfPHpaUCi,4.0,48.3294%,1389.2165017566945
CsEnjNSsHyiasuFtSM6TAbY7cZfDXPJ9qJPGternxYms,Pepe JR,pepejr,8558,13.389 SOL,False,1000000000000.0,195,G82TQ2KpovneY7qhBDresKhzR7NYa2WoXB39BWi8aiKZ,True,True,True,True,1.846120623,LIQUIDITY BURNT,5amnHApKYhFXjtNZEB6gwgAu5uoCukYLRkdt8pjNLWDvUacgF7rSDiVTiCPvzm8TRqCuFvmPZviadyPaPK4kijWT,5.0,10601.515151515152%,7.92245247963413
7HZe8emBekbRwd2kn83hdhkH7fb9pYkQBnzRjU6hgRqB,FUCK YALL THOUGHT THIS WAS,YES,9848,17.1205 SOL,False,1000000.0,85,Cj2Fz4PeRauFkUBngtisFPDf6BpiLjP85hQKmW1mjfE9,True,False,True,False,14.1721488,LIQUIDITY BURNT,3AmhpsLGdNRL6nToMNVGM4A9v8RaLUJDYZzSfDw6A3oJxq9cXw4BLVMuYoE1L2vYGP7EDrNNvtXzAMrzQ9o3dh2v,5.0,100.0%,838.45
8jMAN9KcbVGccsLth2YNESnHAewP4VMpj6pBzXsHS4SY,MichiWifMaga,MIGA,32254,26.3327 SOL,False,123000000.0,76,HzvPEcrJkVHwQ1hkYyTzF9kEigxm2gnzr5b6U7qu9T9x,True,True,True,True,37.786526658,LIQUIDITY BURNT,4PCwMBE657zi8k9GQDrmh4p9KyTgZPoEuv2n2R5g9aMo8i4QsvYqmADw9EcVJsFWzADnw73ce3GGBfVxdfoB9uW5,4.0,90.0%,744.0
2xrDDH8KEKDRZXamM7j4NVePT8gXCvyx2oyT1Apcj5Pz,President Pepe,PREZ,28428,28.6957 SOL,False,1000000000.0,69,H5onaaWambsnoynXc5nTBnZDFrdkrUze2yzHD5TVZCuk,True,True,True,True,53.767892936,LIQUIDITY BURNT,2psn4TvemDgjwNYPBtrKMhakjkTcSC9YbqtdDKwzWgaUPoTK1pB5PiGeXqsEpWsVFSXQViZVU26DaKVmFbof3vm,5.0,950.0%,87.12631578947368
Tr4FTyPWbbzmgDt1n1yWEntw2CMW8Co8My4Ms97x9Gk,SPEEDYCHIMP,SPDY,6112,19.1223 SOL,False,1000000000.0,97,BeFKha25Wa9VqW3dD1yQk76kP2ChKZoPBG5YcCKcu4Wm,False,False,True,False,3.241305365,NO BURNT,2MKUxnASoJeVmxJL25nsoyxnddv6mWPybF31R4vZncJPiqGPmbogRQWF685fdJvFecRjXKkUhHJw4NZwa8JwRoT,11.0,90.00013077019001%,2026.0748338867668
HyaYJRp8QiL7ovod6ohAajRg3HmtocHt7pbyX3xrmu9N,PumpEx,PUMPEX,11055,27.1286 SOL,False,1000000000.0,44,9xNgmFxj6E74JTveNXZTfynbnidr1R7B7pJ1aiDrukc7,True,True,True,True,0.588871215,NO BURNT,5eUHP1z2r2VTSfGgSkFErwappbmoyAB3qjLSqxdywFLSvECyWnXg1CwBytrpD1zxLUXmGtS8vSUVH4RMKDi2e4hR,11.5,95.0%,2002.3315789473686
6pjgoEw7rQr1q2YGdDHnrnxzTzjfceVibVoS3ZPR7ctD,Pepe Nyan Cat,PEPENYAN,14572,19.0561 SOL,False,1000000000.0,64,BrzDuojwZ4rwLQAAToue3iDoC2BNzp7HmwVWYQjaS8Wy,True,True,True,True,6.123320641,LIQUIDITY BURNT,3GD8PK9fvmXqDwYFtp2GEz8Y59ku4micggDXuN4VJmTJPHoUea79ij6RB9AaaQG3N4cgwpDuTy2v1VXGJGYDV3EF,5.0,950.0%,87.83684210526314
5eKL83FozMykcT6VHvBUSL4mMs5ux3xzxnFJC712frai,Normie to Brokie,BROKIE,20818,25.0584 SOL,False,100000000.0,128,FWQgWsv8rYsauEkBD71yWnv6jfVLSChBmSwLTF8eJZQ9,True,True,True,True,12.366287728,LIQUIDITY BURNT,9BUFEREvdcBMiDgoVRKkSoP9uUkY9wVfCyJQfhDREqNSkyPR27V9JPZeQrKXm6FjxeDz8LkgjNHVB2oifH1apZA,5.0,100.0%,832.7999999999998
AXtgC2qtf3qiFKg4e2ZwyGa1XisDFQG9bbvTqZr7VexG,CZ SUMMER,CZSUMMER,14952,21.2202 SOL,False,1000000.0,59,BFPURSWAd7pa25VBN8g7NEVFQ8PiTirKgepdrNkAuCg1,True,True,True,False,1.600191027,LIQUIDITY BURNT,JL9UzHDdpzUTTF8S5badf19nuSiEvPt8mXSikVc9xEvrwZwKCCiYRyQC3jbYkX3VF31BLPMUrnR5DSr1g5kyDtR,5.0,0.1000000001%,830399.9991696001
9fekXZ4hyyfUv7Rgpga7KgtH5SeyZSzY9fUh9kTgDC5Z,Walking Penguin,WPENGU,10072,25.8077 SOL,False,1000000000.0,42,BqrLVxRn5XwtoMdqL4WL3G7TqJjgPCQGFzf1KZ2LHzTS,True,True,True,True,0.596413042,NO BURNT,3EGhdYcxQz2koDjQAoBK4d4kcyxH3CtTYz4SeVe8VRhELSArVZfbNijPhHGbePiepCD7zs8ud6TG1azRuYTRqrvW,11.5,95.0%,2010.0789473684213
DvAB3TaStQRauaEhApo4Qc47KbUMonSYom4wxpqh9h8t,Roer Inu,ROER,6045,27.03593 SOL,False,5000000000.0,116,48Hi7QQb6uSGnixw965ZSoxg3KvM5JRgn1R1ZKQ7EQYR,False,False,True,False,98.477811935,NO BURNT,3Sm9WGP9w2rj98MGF2943uAxCJ4dyvGB2JRvP3efYK9CL6q6X41QU2wrWqtwzzLCbBJLFi8L9wdXHDXxFDf6SVhG,20.0,100.0%,3321.3999999999996
DUuBnUndu5bPmwMkDnAkkTwFRgRSvoTGczQ3SrGjMjLE,Hot Girl Summer,HGSummer,16467,22.3403 SOL,False,1000000.0,168,HnphyCnZRdpbbUetmp81jxSW6nB3rSEs5krqzUHGnf2W,True,True,True,False,1.664400406,LIQUIDITY BURNT,4B3PqHjNyJUUG4ZRgQ9j67h9JAkuCCPi76bzxGuNYgXpVZfs1UdpMXhd5FQbdqRKsPHomH2pXFzsiWTZYnR2jSKG,5.0,0.1000000001%,824199.9991758001
R5Yf8JGL9HiZEGYbrxBURABHzEPq8H58rQJyPhkjutS,Cat Milk,CATMILK,55890,54.4827 SOL,False,1000000000.0,196,FHJDEJYsRBULDRaLGmpHi98LACrSeS2GVLLmDcqdDtdi,True,True,True,True,51.986241534,LIQUIDITY BURNT,4287N2CPzB1SC24ch1D3u4E4KZpzHxY66DwrXkQAogkQDjvuYcxkeswBEhV1hNVG5yqiFnAcbkADuzJ5bAZGJCH1,12.0,60.388685499999994%,3241.9980395168564
3GYy1Bvriqb2d1SivWe9LhHQh9ZnLMtWbQ9jrp5cfFeC,Pepe'son,BEBE,27875,34.9807 SOL,False,10000000.0,227,GAVs8GsLsM5pE7A6P32XqQ6wEZKhmt9hB3XVqRuXdKat,True,True,True,True,5.01604371,LIQUIDITY BURNT,f7DCBbw9pkj7ioCbcZU26ntWa9q4zPemT39cnqwnbus5JsgAAMGXY9GvZgn4JykNn6eskgZSqVe9nwrpC69Z2gv,7.0,100.0%,1142.96
9Asi5rw9SHbuJmTLvWSd6eVj7PMVYy35hSTmghSwBHYZ,Make SilkRoad Great Again,MSGA,17944,21.3709 SOL,False,1000000000.0,170,H9qsd1HtUbD1xEzWtKnTRa87Z5tcJVNuSwg5dTRavmDs,True,True,True,True,2.158957362,LIQUIDITY BURNT,4iXXzgrfovT6dbi5cwEuug5jLD2resCbA264txusQgF8A9hVxGZjgTAmqaFjGK1ckdXFjxoHWDiHm6brrckt4zw2,5.0,18.2%,4501.923076923077
2KyRU2uyofGEjAtbgii5xerrLSMDNnYNLRzCKtjLYnNk,Trump Cat,CRUMP,48003,48.02471 SOL,False,1000000000.0,276,7m1qtHa3AULoC2C4VXsmDiUjc1LUaYAgG1Lz9KsmbGBp,True,True,True,True,12.455486573,LIQUIDITY BURNT,JWpXjQX8pyL9yKCtydePQv6z1VPpZCE7B85EKnMX8hoGJDyQjgbXXuXaGFZ9s5rwQJPzaa81NC3vJ6kwX55qAP2,8.0,14.84848484848485%,8842.383673469389
CgvoFdA3XTJx43w6AHZijYuBDr38pCLtcMKCPd9Mczxw,Pepe Booba,BOOBA,31941,30.7311 SOL,False,10000000.0,134,8dqPSFKNpxKLHWZYUtQHoQP2Y9LsS9ZunhQWzivbjrdv,True,True,True,True,2.440482511,LIQUIDITY BURNT,3XSvNyh1fZ87Cz4phW9RQ5aiXuGZ6W5xtGfiJaS6JVxkgC66XbCHKkn2rMmzkLNksPSePcgMUMjZu3bNu3QqJbtc,5.0,0.96%,85078.125
2GkXCxKHzs14kyTZQtHZ577PWohLgLLvrwi2CFAqWaYU,PepeDoge,PEPEDOGE,13519,19.9932 SOL,False,420696969.0,184,J3cPh4eyv4HXmgsqDn9d7wcsQ7rcmLxsoQzRLu7U8tuJ,True,True,True,False,1.773801649,LIQUIDITY BURNT,2tbBLUapUSbkSeGZTVrHegqwmDegUPNkd9wzbHg4hQtvY1FbhMAgT5cqSD2m8QpdcrxrZ2ULj1fwucWqGBjjFGuU,6.0,79.99999995245985%,1229.625000730707
BZQ3XPiXzmBAGMntJABFmMWZuGK2znQ3ok4tXsc4W15Z,McDonald's And Crypto Alts,MACA,9788,18.9889 SOL,False,10000000.0,136,3yGPdVapdoKSbbqkoMVuFQnHwioQ2Tka6GyJjNdTwj7H,True,True,True,True,10.828518476,LIQUIDITY BURNT,x84byKGauSfXBUdDCu2ifmC8CTd3ta2PeyjFxNuCMboLGPEyQ7yYUCnt7fJXZrWHWVBW8Yk93tWZKu75qQrnitw,6.0,0.11494252873563218%,855558.0000000001
2coLEnSwjEhLUPaJRCr6LW8egdr82SUXh2r7cS5ExJmL,Teddy Bear NFT,BEAR,6409,18.7525 SOL,False,1000000000.0,156,5Qo2998Eg8qgTe7RJF8QJtYrtUaTuSSC5E4iCV5zVVnU,False,False,True,False,0.821654323,NO BURNT,2bHvVkQnLPh1eaHiBLbtg88exw1dAMoHDQXYP3p4RySvLFB3hC3LAyFbnD79Q315UXG4kr5tbDabTipMH4SGVUxT,10.0,90.00000009%,1835.2222203869999
BuLtbsNdpKda4Wcimn4w3NSsHihVTBJfV1eabttNB24W,ARDA GULER,ARDA,9711,17.5096 SOL,False,500000000.0,164,XLBvxfKbSeLgThVWyq6H9Uw8pzx3mjYo9WpiitfPekY,False,False,True,False,0.169810788,LIQUIDITY BURNT,4vAmxHaimkuTjcosx4MgGXeHkuy83pt4dnDbLu1jKampovXZgvfhcn3SpjR4AwEhwgy8k5RgW4xwUz56WA6h6aKo,6.5,80.0%,1341.35625
GWXJPKBu5MNixojVz1yY9WEnDZe4fqsFTP2SMYKVSsiz,Teh Crypto Kabaal,KABAAL,35325,36.2308 SOL,False,10000000.0,200,GVf8miu5qkR7z5pDdXFzZDSCUs2jsSAgwRBpHrBi2uvV,True,True,True,True,7.744716442,LIQUIDITY BURNT,3U9HGfRGmftTPsM9pU7P7RwUUtFQczGcPiDYMWqgkuqPmGVBwsYF8QJpYAF5Du3d41Aw9qcqgLMrBxfRLGZvv4DA,6.0,10.000074700558013%,9771.527006148
H8yUsQLQXRFxf47bKt3DJPx2eFqXfxZpKnmpgdpnATEQ,Tebbi,TEBBI,6001,13.582 SOL,False,100000000.0,75,28EZQwhscZp9MCZFfBJwUVC5WTRC6oaqt2M7JTZLSBTd,True,True,True,True,0.956054082,LIQUIDITY BURNT,5VgrKS6Loz1CKBfBWo3TAWeVmJigoPaeunKJfP8qKVYEzgrxSTAn9Xm5A8DJZUHhTJdrXKoFa7VwdBjEwPcLaNdq,5.0,90.0%,901.9444444444445
Fqq2YMHcdVvqQoknTM5LgFtJU2HmAQ947jWY1ZN8XKXx,upside dragon,USD,15533,21.8505 SOL,False,100000.0,80,5D8F9jJmYE339aZSrbYGPts63ZLFiPaQJjxD9AvnrKis,True,True,True,True,2.1035558,LIQUIDITY BURNT,5wrqvzBgDizpiqTa5BR4wb8FUnhjxGt3nZyShEicB4ZL6zRdSgGcMqb9BnLfQVqGtZopK8FJRo5AbEx1vbinnP7T,5.0,0.01%,8123999.999999999
C1GnCs7sfGGZsscA5r8wRezuM8ocP2z9i4iW3zHez5bX,Alpacalypse,$LAZI ,7138,17.5859 SOL,False,1000000000.0,66,B7ZTrtEvTXYMSqto6wnN83nBLPWwpBSqEN3CLRFyePEy,True,True,True,True,2.186302646,LIQUIDITY BURNT,3Jq7L3ABgtMRDHmhigN2dUFByra3yFYiccF97vAy2MCfGZx6oxRJMWwKZSCA7m1v35aL4VP5xEbswR1cXU9ztwKF,7.0,10.1010101010101%,11261.943
AKuAjX4wcWDsPQjZNdKdE1LLXKtVhc4WVLgCyhkfXkHs,Elepe,ELEPE,39623,34.7517 SOL,False,10000000.0,153,7dHi7WuCaTD8XfBTW11uWJ8YdS2ML6UJxKABHFoByuDU,True,True,True,True,1.787339502,LIQUIDITY BURNT,4cbpVgYBgdsc41UqcYNzxgPQEiwGeFv6HrHqnqZ169MTbpvf9McFU7Ywg4H6vTLGu5yEtF1eRj47zjDimFPoL3tL,5.0,0.9999998%,81225.01624500325
7Q1DHSj6mwAXKYo9wrLNJTsUo31noEn81HUaXCxspFC6,JankyCat,JKYCAT,6854,17.5541 SOL,False,1000000000.0,122,CNAiCqJj2ePcy1z78xSQ7E9w3mtTqZMSCmUGCCXetCyB,False,False,True,False,2.58767444,LIQUIDITY BURNT,5FzKK6eNNGCqxecUWa4go9ngBxR4mJakiJ9DftoprNVGi6xhzseLjzg2NAQm98xHniAV1aYjq3Lq2Bco1WRPSoXz,8.113360221,18.0%,7336.280608722
AKtnNoV77piPDNPqy7r4xEbz5GLfJ4TtHedaxFQVmLhd,PLEB,PLEB,9626,16.1851 SOL,False,6969696969.0,24,CMBotQsNYAp8kAgF81ySHYi4yqf4J43mSuJh8LFPzQYt,True,True,True,False,2.0897298,LIQUIDITY BURNT,5bfxHhYN1DvN2vqcPMogV7WEEHfSNhNbtZKJkKknETPM34NkvKhtKQomHacMFQ7ThZ1UTrK19E6Gv2HKV8HPpL4q,5.0,696.9696969%,116.45413044642804
GxyoHLFvzYTkWgDkCBfd2dFnw9awaqg6RGdkY3kXrZNy,DogeMiner,DogeMiner,16742,20.5971 SOL,False,1000000000.0,57,CxbCV7DaBYHQCp16p95CY2TbfyDu5NnDq1kTEdgsQ44L,True,True,True,True,1.381161843,LIQUIDITY BURNT,5s1hSfF3VAg2qqVaRhFwjr5yri4KWmB3QyLswKrHzjQsUZ672XExd41TAGo3LAjMc9tXYTuLShmCa4pKZ9mfKaD2,4.0,10.0%,6492.4
FC2tuaKkL8v3mD9oysMjEXRLv3TK5u83bFNZxUJCvoVw,Pepe Hole,HOLE,13025,20.137 SOL,False,10000000.0,147,A4xmVhkvuzovrt9bezPUbgtBtsgiTkNpkNXAxR9wjFWL,True,True,True,True,5.345403327,LIQUIDITY BURNT,2pbfPQPWbAAM3Y1uTDfx7S6MDaPiPCiLHwYHzWQXUiV8tvBh7kdqswFRt5XTQzzbrLa9J5HoHGcXtoFnbmFyp7W7,5.0,1.0%,80965.00000000001
DQhBjW4PhrwFPGWYAFKa1kZZgfEC3EQ3hfrmTTQFN6nV,GAME OF TREN,GOT,6239,17.1854 SOL,False,150000000.0,163,GTz3Z2mPzy8ru7vT5j2SLg4T8CuVvmsTYqbLzw3iFsfk,False,False,True,False,0.234519595,NO BURNT,2HNnvMmjyTqD6qWeUcuZPEWH3RnVhjriyFq85cnhkKLwmVaZDoDGV8nrBzKsTkoML1AMDn3VJbDgtb4xvDiKC2ua,8.5,135.0%,1023.8407407407409
56ikcMq3MY61Di5MyjZnKJEv5aX6XWgyTgHFKpLWyFwb,Book of Saitama,BOSA,126378,59.4192 SOL,False,100000000.0,139,6TM1B1utfeVtCNSzEj6WZgRSeNaCt7R5aKXFHofrziZu,True,True,True,True,2.077487683,NO BURNT,2aJAkvAup2YowXE9sF8L1XrSXcPLuoNzkokY6kMZYJ5U8sLpdovno3p4iM22df8SHJasyGLzZMSizMP1vybX6kog,4.5,10.0%,7297.2
96vey2joLsCGqNZjaGYqKBeZRQgETkRJWvet4KCXu3i7,Harambe Memorial Day,HMDAY,10265,25.5952 SOL,False,1000000000.0,37,2RxbXUc1AGtBuwebPmkuYr42sJzPc8yAB5mN49U77gJ7,True,True,True,True,1.719033954,NO BURNT,3PANKCsr6U9heoFit4JNbmYNpjU6UpQ113JHixUqcrQ8Hyr6XBsdMkaeKmZuBK5YCi5oBoKsFDFy7yHxy66b6YFy,10.0,100.0%,1621.5
Dz5uH8MGm8b2QtG7bqYkGeYy2XAKj71YgMXP6rWyBUZY,Spongebob Pepe,SPEPE,17510,22.6853 SOL,False,1000000000.0,74,9kdedeqTfuJNphDcu1yjGv1CwGViQt9eWzGkWyq5vigE,True,True,True,True,5.964036023,LIQUIDITY BURNT,kFHG4X91yKSxPp5fp8hMPVdiuEXh4CtJfjRjyjQ3WLEn29k4FTzAijSHV81B8J3xohbf4QMLc5FoHJTxaqfYYjv,5.0,95.0%,857.6315789473684
GgAoqtAZtm1Rmt3VE4Qd8Wth1tEkhQxGYMwZiuAYQe6h,jennerwifhat,JIF,18620,23.9246 SOL,False,10000000.0,76,7DDtoMM9MN64AhzfEh2nsLA2D9EneBcfiZfFuy73A5or,True,True,True,False,5.644768513,LIQUIDITY BURNT,2UFPX3WJJmveRVA7tvUxLhrQ8nshSZBSbHK8F87oLxA5cCuDbZFrcpt5jfUo1HMg3QBFJch7dGboCQSoxNrtaBbu,5.0,1.0%,81475.0
WifeVNSpWwxmPVHBf4NsG8fjpTF99UYxGon4xvDp7W8,Melania Trump,MAGAWIFE,32067,30.6062 SOL,False,999696969.0,96,5PiZLaWGi5NQLdf7PzDkWdeHpusgBVHE7yDy4qYZmJCP,True,True,True,True,3.283214052,LIQUIDITY BURNT,5URxGvkWWA8cjpqtNX3i7byXB7cYr1tW5Cc3rLKxWhboZeSyoDmKFgdtcr4GpgPL1wXPxY6naPxqVXgUUT2v4HiR,5.0,949.6969690000001%,86.25382903585955
BEvqhCpGrdqme3npUCKuLCmr4u8EHLFGxRKcPRTiFcjP,Caitlyn Jenner's Bunny,BRUCE,8227,13.7293 SOL,False,100000000.0,59,BbY6pEXDDCqaubZnPQikZcseHXB24kxAEJfNSNWE7CQD,False,False,True,False,0.702959341,NO BURNT,2cFiGJdaoTUik2UJhLhUJsLNF8ooD8RDdVDYEEdv5pXFZW89W5eXk6aufkKV2mN7bCDLQmjBcdjp51kQ88SWZoq1,5.0,7.5%,10925.333333333334
FvCcpZbv18rHkZQq6cLukbmpqYc6MF1LTjgqD8mrTSVu,baxter,bertha,12030,19.1297 SOL,False,1000000.0,98,G3sFavsbaZx45MxFnrpYr7qKsmsJVeRcTTNMxfbkT71x,True,False,True,False,9.1511438,LIQUIDITY BURNT,4NwgBBC9Xtj3RvtcfszzgVzzZYoHFcotUPnNZXw5u9SU7QVhPaQE7dBezH6N2dVGjCbe8bQCCq6g7Hk2FLxob3R3,5.0,0.1%,818750.0
HF9hw7dcz43gY5zbxUcTdQdtGxFH7uDwNxZdYNwrnWxT,Book of Jenner,BOJ,19699,23.9604 SOL,False,1000000000.0,71,FU1RrWuTvZXuyyatZykAWzCxBe9PMpJH3BoRRNMH2Ra2,True,True,True,True,5.736862382,LIQUIDITY BURNT,5aFw5rn4KosnF9S4Kjf7sZUUkTuWaHJVzRjamGaAexrCxBayY5d7K2cMK4qowcmjUm14T99p1qZZFMGMaAssZ2SN,5.0,11.875%,6895.578947368421
7J9T42sfZ8FZKMfJG5JTaZvwMxnPoi78WDeN54WRv9HF,Trumpions,TRUMPIONS,10802,27.3931 SOL,False,1000000000.0,31,84ZvRvVQgFv6JJe4hZz5x7x6iFWm8GAmnG3dUnMMaPU8,True,True,True,True,0.067729939,NO BURNT,4SY5ftbW8ENYHXq2TQwPZzLpjGvA9uXp12nZdUKjEfUtSAjtAQeHNjnf4yaweRZ5KWaGTXXYJR5Tk2bd7WKmx6ik,12.0,95.0%,2075.8736842105263
EYJ83M9FXAPcmdPuE91qa4jwjbUorEiTTfL2TVjV1Kqp,Kim Kardashian's Cat,MERCY,12880,19.8173 SOL,False,10000000.0,62,CpVYeTU3XnEVjyHger8HH2USTpSAEKWrFxqnQa4iMbpM,True,True,True,True,8.127608721,LIQUIDITY BURNT,VFjtUBasv2gHF6YTu3dABVk2Sg1Av39UEdymxuyoUc3pyL1AvfkeB3ejdmfrpdbo3qvr14qda8g3EXcqr6S8L6v,5.0,1.0%,82195.0
8qdvVaouH7vcvQsEynYqaqaRtSXsSSRepBteegkz9HMW,MAGA TREMP,TREMP,13747,18.0216 SOL,False,1000000000.0,42,76aMSGrhCx69hS13YLwWNcQXP2mwH232dHTLcUdwPmur,False,False,True,False,5.119511003,NO BURNT,o2cPQRKWzcSXFWMvgtqEXRGjV7mLrVg6fSXnpd7s1fQgQzAsdkSMYKLAiiUCj3kFoDMEFLeu4fF4o24NowyRM6M,4.0,69.28571428571428%,951.1917525773196
H3Maif4FSpPsxE5ZhjJXz9DaUuiTEHXXLdH3Yzb6UkHM,Trump's Plane,TRUMPPLANE,15427,20.3607 SOL,False,10000000.0,56,9Zvs2GkNiDWhjwCnwhMgSuNbgtJobNEHBmaraTGfgKmp,False,True,True,True,5.664182722,LIQUIDITY BURNT,cXRytwtMjR5dJ1iFRgiUkBDBfV3rpBkk2TQb6zTt8GWPg9Dx5sjwhhJdMxSyX6gwBYDbquNjbCTfXridKZyh6ce,5.0,0.00999000999000999%,8538029.5
address,name,symbol,current_mcap,liquidity,Authority,supply,holders,updateAuthority,twitter_solscan,telegram_solscan,image_solscan,website_solscan,owner_sol_balance,BURN STATUS,liquidityPool_tx,transferedSolanaToLp,transfered_tokens_to_lp,launch Market Capitalization
tateQqg6FPbACDQBgxtwKRZtcVARu7ovu1kekumyS5R,MUSLIM TATE,MUSLIM,28421,27.4662 SOL,False,1000000000.0,82,ATT2y6wxTXf4KYATVatzzYrhrwVEbyVaHrJc4hQbbzqZ,True,True,True,True,17.723430386,LIQUIDITY BURNT,42Tfs1BTCMQk7uzurFBYnHwJgypN1sjwDxJjFr9jMQ73YRr7edwgKvoC9whxpcTGDdbAcgNkXHMuMu28FDKmMLKc,5.0,2833.333333333333%,28.38529411764706
12CWJm1syncms1mQnFxxdesS8Cgx2DoWmg76tErXtopG,TateSummer,TATES,115238,57.2208 SOL,False,21000000.0,265,J1KgdSQGHR5aQZLUXu6duQc4gsKFLbvuaCVF7Ws88B6h,False,False,True,False,7.180325406,LIQUIDITY BURNT,5YGu84ZTeyCh3sa2sBatuhzZruvQ53Hibsxp4c6n6ppemdQzqa8m8y5FHkBvD2v5UC6w37AxhtoAirBrpvTbcssM,5.0,0.20115789473684212%,400456.56724228157
6VpKvk87FY5m8Y83ycjbKCfjbv5dEiN4nyHSzNJ8B59i,HOMELESS TATE,$HTATE,3029,9.6388 SOL,False,100000000.0,58,FDq7CJS45FKFckkZr6V8KdqEMoTtxe9q88DL2YKu7w2E,False,False,True,False,6.404079295,NO BURNT,5wGZPQpagDgN4DAQqq2VnWr9QzUchBjgPwGekmk6y5weDVg7Mua1sX1AWFF7TtMLJmWkRN4SDg4oxuZ6bsyAFr9L,5.0,1.4925373134328357%,53938.35
23nDmyBeyJzxm5WBDKSymjT4AFduKiygCJLEd7q7Wfmg,TatesWifHat,$TATESWIF,3885,7.9123 SOL,False,1000000000.0,96,9uc6mPvWsxKTjjPxGdRmj3eJXo12WAfNu5gysxGbsEqx,True,True,True,True,3.509704431,LIQUIDITY BURNT,4BgcoayHdwbPVPSsNXh4dN9E2H1a1utDrXNbo4dGSA4v1sy5eiCkCDEXWXNvBgrajtkDXKGnNTnt985xEbqX5YYj,4.0,7.59493670886076%,8469.853333333333
GWWtbDXEPouJZ4f5vdLL9Ly6Ejqnxs8DMTiBG3nCE1JG,MonsterWar,MWR,797,4.4561 SOL,False,88888888.0,35,9AjWU8e1aYJ7v2NWf2hkHiWBfPsGgbhHqXKWnS6tKyPV,True,True,True,True,0.2200484,NO BURNT,fJ4VjwDgrFS3HBowv3NGNB4q7jtZ8tvZWdJM9qBJYtRW8H9v6KWYbYKFxmMSfaNNCbFqVYK8kxG6nvAGcqytFBJ,4.0,1.4814814666666667%,43308.00043308001
G2jMLmWS9t2JDg8E9DSaiAHLYXPJNgvYTJBhtA33aEVB,GigaTate,GTATE,18869,23.9761 SOL,False,10000000.0,73,1ZHg2a2YC4L92aRSPDutPkiViJ4EZCfuRPRB5kHeYtB,True,True,True,False,1.847805301,NO BURNT,5bRE7cBY2K7m2HSjajZUJpyLve8kcznTgdo6QXsK8e6QyVnNNKoCpvFp8eefXpxX9VQqf8NmvwuWabvnGU3jtuWM,5.0,0.10101010101010101%,789921.0000000001
CKWrW84tVcHtdRqiyj63KCDc8zrrBuf9hKm7YEbWEmXg,Sheikh Andrew Tate,SHEIKHTATE,14612,21.5085 SOL,False,1000000.0,131,6vvqHDVmkJ7JLCrmYP83oiwQRCaFeWnkVfp2gjLWPnqx,True,True,True,False,9.152482102,LIQUIDITY BURNT,ZSHYBtM7gV6XDC84qQYcegh59tB6L7fn6UT44Jg2kfbfTXYECovmqnjMeDWqMuJwWbPK86PFcjkPaksyCv681Wu,5.0,0.1%,798700.0000000001
6UmiZpbeSRuZy5785DNTdNd2NDwbmJ7JTfHVDjcxDs13,SOLANA GOMEZ,SOLGOMEZ,2440,8.2072 SOL,False,1000000000.0,26,3FD6BrAcFkyT1CywP8L2eqniE31WowJsKBYSdf5ijqWp,False,False,True,False,2.126322904,NO BURNT,3ZwRQsogzsX2XW7UEPkqtdeDV3y34EvKNvwyfgNduuiYqPVfeUQzZLiwi49reE6uCRDih8maasPovpcD1SYyx3Xv,6.3,2333.333333333333%,43.0758
FWAVdhiSs9ttL8LoKeoRaqtxYfcF2Gtmq9HrrGHu8SEk,Real Nigger Bailey,RNB,6292,14.05213 SOL,False,100000000.0,54,4fDuHfJe45NoCB2eGk8vhfymKKCHvKjRtPqFZv1kheFR,True,True,True,False,4.755963782,LIQUIDITY BURNT,3NF3M8bE3icuoK6e5hEM5Q4nmc23akZu2zegfaR22ne1tsrdHBETxr82eeVbGcwCQDpzLLQpnv3zGR5fsPP64sqV,5.0,0.09405940594059406%,851057.8947368421
D3ZCd5VbpoFxqsXAfGS5pCv6XLKGBSvU8Mm1KSxnvfKp,Taet Brothurs,Taets,4099,9.007308 SOL,False,100000000.0,24,4qQieZzFri7cMQwTzMTPhAGZhmFtweJQpymMBf1bAkPX,False,False,True,False,18.220247886,NO BURNT,Ln8sofSakM4Q811c26vuY9cLA3HAfmqvvHfdEaYwkEnaZ4CQLtCW5vw6x49usu66aU7Scawbobyx8QsqUNfv1Lm,5.0,0.0693069306930693%,1155728.5714285714
5YyGAvh8mGXDAZiRTUk6Z2fZS24h3VtWT4vFQpHkKKA9,Andrew Tate's MOM,EILEEN,41671,32.4612 SOL,False,1000000.0,139,G6zBSvB9vTpiucYxsnHM2FegizkBv4de4BzJMk4zW1ob,True,True,True,False,8.205355885,LIQUIDITY BURNT,45dwyCecDPHnRyQzNbb6ggHrXxZwtDLRM5KL4pFNTJovui7d2Q6u1Usar5U8bBjYTNuXKxS8AfYtvUhAzXJ6pQLw,4.0,0.1%,638760.0
EQaFfEFdbaXFeyWCa8hcTVqrh5xA5EgRuFpzBcNkzQkZ,CatFish,CATFISH,28625,27.7253 SOL,False,100000000.0,198,2XfSMsjdUwSUv41mRXyf61GFbsvJxG8VjGR7hF7Huk4s,True,True,True,True,0.12853521,LIQUIDITY BURNT,4ACPam155RzQ8CHAAQAyTT9yu86Qx865ug4FYayjpFKbeoWMCxSYsrdeXY2gWPKU32Afu4JAuV8Mrtdm7fW4hzgS,5.0,85.0%,939.1764705882352
8ATsqt79EmewpQEy9XT962Az1QkWGzNBD6Prh1LjAyWh,Kanye North,NORTH,6884,18.6476 SOL,False,1000000000.0,139,EbJ7XRRoJ6mfanhHXAvaxD1XA2KuWfNf8VqAnsfhSDcP,False,False,True,False,5.056670752,LIQUIDITY BURNT,MAAqwLFrEHdqfhdfPhXRbNhdADoUZc78QMzEtEe3ypYjeFgCKoFkXgxV6StktEB4bb1Dt1iVV2ARGyFjyp3RahE,10.0,80.00000008%,2008.999997991
Bnb5FnFZmfRvjoPJDhR4RT9aWECGBWkQ4k2JdZVpXjmC,REAL NIGGERS WIF HATS,NIGWIF,65064,38.9344 SOL,False,122999460.0,512,Ab6nUi1tFXdNjjvd6n4Vf3bPQDLcGiWJ5KbN7NHBe5FU,True,True,True,True,17.888220188,LIQUIDITY BURNT,7swaKsmg3vzTSbduEvyNVpkaKGF3in3u3nRhsVaag1tgcDqfq9UYun8sh6nKeScNYFBnS6EwSQtM35s8is35k24,4.0,90.0003951236859%,712.7079821355014
GgC8ReMYmKX3XMLEmnuLdFNGA1zcG6ys96aMggeuWvY3,Real Nigger Dog,RND,67294,38.9614 SOL,False,123000000.0,83,Ab6nUi1tFXdNjjvd6n4Vf3bPQDLcGiWJ5KbN7NHBe5FU,True,True,True,True,17.975697717,LIQUIDITY BURNT,3LCYVpAUqqMZ5ezs8mSzGunD9LZ2AysWUhspJLkswSGYn6v61o1VEj14GCDuReRK3ci3emtsMZu4QVfzctAZXhym,4.0,11.07%,5775.248419150859
ADTGLaiEKyqprr6a3DGJ6YQZRjxrheAbk2H1PFar91TL,BREATHEAIR,BREATHEAIR,5051,9.8152 SOL,False,1000000000.0,46,5kabyyX8GWs9bv9jduEhe9VJhKAQZUijaLFBwCLuZC1v,True,True,True,False,0.070362919,NO BURNT,2FrRrPSAykgsoetqVX2ZcYc8abv6bdp5HrD8tbVzduFbdXSGaaksFi6s9CPgTLykiHvU6h8U8TEpk4ZshZKAwQj5,4.36,70.0%,994.8274285714288
GzsciPiAL33CAUDRfobaxpFwvPgDKct8cwB2awJPJH9p,REAL NIGGER DAN,RND,11533,20.096 SOL,False,1000000000.0,82,4FjSETZyVsXZny5655gTbWSEQQJ8Q8Nx7VXYJkWuY9oS,True,True,True,False,2.10964474,LIQUIDITY BURNT,o3WprkbxLtxDv2eKr3sHi9EUu6PYKrvuraJ7zrEdxxaTUj45zyjxJsnzxNNQNEDqjADR2J1tED8ku85kag8nayZ,5.0,95.0%,840.4736842105264
3uhGm8VhG5qML9hUhLPPv1BS7CGsfnqzZAZXtUFzpRHe,ETAT WERDNA,ETAT,15808,22.9251 SOL,False,10000000.0,96,reJa6KNuimNLPvc15MxqRNkqCyuciGuUvgXxem16RjE,True,True,True,False,2.862062048,LIQUIDITY BURNT,m4boHcHtQpUx1T6Yb4q3SAby1hJDuu7eLyHvVmYhKZWbWAas2NyX9H3voFJAWnKJULzrSMPDFfp68bpWvFRNfLW,5.0,0.009900990099009901%,8036065.0
